GEO.id,GEO.id2,GEO.display-label,HD01_VD01,HD02_VD01,HD01_VD02,HD02_VD02,HD01_VD03,HD02_VD03,HD01_VD04,HD02_VD04,HD01_VD05,HD02_VD05,HD01_VD06,HD02_VD06,HD01_VD07,HD02_VD07,HD01_VD08,HD02_VD08,HD01_VD09,HD02_VD09,HD01_VD10,HD02_VD10
Id,Id2,Geography,Estimate; Total:,Margin of Error; Total:,Estimate; Total: - Built 2010 or later,Margin of Error; Total: - Built 2010 or later,Estimate; Total: - Built 2000 to 2009,Margin of Error; Total: - Built 2000 to 2009,Estimate; Total: - Built 1990 to 1999,Margin of Error; Total: - Built 1990 to 1999,Estimate; Total: - Built 1980 to 1989,Margin of Error; Total: - Built 1980 to 1989,Estimate; Total: - Built 1970 to 1979,Margin of Error; Total: - Built 1970 to 1979,Estimate; Total: - Built 1960 to 1969,Margin of Error; Total: - Built 1960 to 1969,Estimate; Total: - Built 1950 to 1959,Margin of Error; Total: - Built 1950 to 1959,Estimate; Total: - Built 1940 to 1949,Margin of Error; Total: - Built 1940 to 1949,Estimate; Total: - Built 1939 or earlier,Margin of Error; Total: - Built 1939 or earlier
1400000US36061000100,36061000100,"Census Tract 1, New York County, New York",0,11,0,11,0,11,0,11,0,11,0,11,0,11,0,11,0,11,0,11
1400000US36061000201,36061000201,"Census Tract 2.01, New York County, New York",1042,47,16,27,0,11,0,11,0,11,303,83,79,45,217,71,73,64,354,92
1400000US36061000202,36061000202,"Census Tract 2.02, New York County, New York",3662,104,0,16,86,94,0,16,12,21,69,58,665,197,845,201,1542,226,443,161
1400000US36061000500,36061000500,"Census Tract 5, New York County, New York",9,16,0,11,0,11,0,11,0,11,0,11,0,11,0,11,0,11,9,16
1400000US36061000600,36061000600,"Census Tract 6, New York County, New York",4084,164,0,18,112,73,233,173,305,139,730,235,1051,290,557,178,161,127,935,276
1400000US36061000700,36061000700,"Census Tract 7, New York County, New York",5422,187,56,87,903,281,324,162,321,168,351,164,191,118,473,176,219,153,2584,306
1400000US36061000800,36061000800,"Census Tract 8, New York County, New York",3964,127,0,18,136,99,56,41,45,57,164,92,119,87,105,65,116,69,3223,197
1400000US36061000900,36061000900,"Census Tract 9, New York County, New York",1087,47,6,8,299,68,39,31,146,72,23,19,15,12,26,20,11,16,522,93
1400000US36061001001,36061001001,"Census Tract 10.01, New York County, New York",849,17,0,11,0,11,6,8,0,11,5,8,56,39,667,74,98,65,17,16
1400000US36061001002,36061001002,"Census Tract 10.02, New York County, New York",2405,43,0,16,0,16,0,16,29,30,226,114,444,178,1127,214,131,99,448,181
1400000US36061001200,36061001200,"Census Tract 12, New York County, New York",1897,41,0,11,6,9,115,80,0,11,437,90,34,27,567,107,360,96,378,115
1400000US36061001300,36061001300,"Census Tract 13, New York County, New York",3079,87,11,18,159,119,212,101,29,33,224,104,74,58,115,71,69,57,2186,191
1400000US36061001401,36061001401,"Census Tract 14.01, New York County, New York",1717,50,0,11,0,11,18,20,6,10,9,14,1013,141,551,120,100,63,20,24
1400000US36061001402,36061001402,"Census Tract 14.02, New York County, New York",1456,48,0,11,0,11,118,58,98,41,263,88,105,60,87,51,110,56,675,117
1400000US36061001501,36061001501,"Census Tract 15.01, New York County, New York",3741,109,241,104,321,162,0,16,229,144,1448,219,581,178,93,89,82,61,746,211
1400000US36061001502,36061001502,"Census Tract 15.02, New York County, New York",3727,115,0,16,1002,201,285,131,282,138,327,132,120,78,119,95,134,83,1458,224
1400000US36061001600,36061001600,"Census Tract 16, New York County, New York",3224,202,0,16,208,115,79,82,16,24,872,179,120,77,48,41,218,120,1663,234
1400000US36061001800,36061001800,"Census Tract 18, New York County, New York",3485,116,0,16,216,108,147,72,134,95,272,116,64,53,125,82,242,121,2285,220
1400000US36061002000,36061002000,"Census Tract 20, New York County, New York",1922,36,0,11,0,11,10,15,24,23,117,75,140,64,510,140,823,144,298,93
1400000US36061002100,36061002100,"Census Tract 21, New York County, New York",3174,52,0,16,1202,159,113,67,494,143,79,53,191,97,50,81,73,53,972,174
1400000US36061002201,36061002201,"Census Tract 22.01, New York County, New York",3088,97,78,65,196,112,42,48,211,100,439,184,1052,179,214,107,278,130,578,175
1400000US36061002202,36061002202,"Census Tract 22.02, New York County, New York",1054,45,0,11,303,85,39,25,43,33,28,30,97,52,45,48,46,38,453,102
1400000US36061002400,36061002400,"Census Tract 24, New York County, New York",2210,44,0,16,0,16,33,54,0,16,388,127,155,94,723,185,621,176,290,133
1400000US36061002500,36061002500,"Census Tract 25, New York County, New York",1947,56,0,16,0,16,16,26,14,22,198,110,160,94,898,165,460,124,201,82
1400000US36061002601,36061002601,"Census Tract 26.01, New York County, New York",1613,51,0,11,204,64,169,67,286,94,103,63,76,49,78,50,34,37,663,123
1400000US36061002602,36061002602,"Census Tract 26.02, New York County, New York",2198,93,53,65,400,153,244,106,79,73,27,45,99,82,64,56,24,28,1208,179
1400000US36061002700,36061002700,"Census Tract 27, New York County, New York",676,23,0,11,0,11,0,11,7,10,20,16,358,67,19,21,8,11,264,72
1400000US36061002800,36061002800,"Census Tract 28, New York County, New York",3375,109,38,62,263,117,217,97,267,123,380,125,781,187,217,132,132,92,1080,171
1400000US36061002900,36061002900,"Census Tract 29, New York County, New York",2392,91,0,16,13,21,158,96,37,52,91,62,270,115,98,79,89,67,1636,181
1400000US36061003001,36061003001,"Census Tract 30.01, New York County, New York",2521,96,16,25,383,128,74,71,22,27,62,53,55,46,138,103,63,50,1708,190
1400000US36061003002,36061003002,"Census Tract 30.02, New York County, New York",1871,66,0,11,6,9,138,84,164,57,227,96,184,69,109,64,195,74,848,124
1400000US36061003100,36061003100,"Census Tract 31, New York County, New York",868,49,8,9,374,71,206,58,65,48,0,11,5,8,12,20,11,15,187,44
1400000US36061003200,36061003200,"Census Tract 32, New York County, New York",4930,95,0,16,92,74,102,92,84,91,86,64,1048,262,439,191,308,154,2771,330
1400000US36061003300,36061003300,"Census Tract 33, New York County, New York",2731,115,0,16,353,99,316,116,64,58,0,16,19,31,0,16,93,77,1886,169
1400000US36061003400,36061003400,"Census Tract 34, New York County, New York",4172,123,0,16,369,157,48,44,74,73,227,138,138,103,386,157,206,117,2724,270
1400000US36061003601,36061003601,"Census Tract 36.01, New York County, New York",1625,40,0,11,398,94,141,68,157,82,111,50,30,28,45,39,62,43,681,112
1400000US36061003602,36061003602,"Census Tract 36.02, New York County, New York",1561,66,0,11,455,88,17,20,33,28,17,21,10,12,82,46,39,32,908,101
1400000US36061003700,36061003700,"Census Tract 37, New York County, New York",1550,71,3,5,235,95,0,11,0,11,45,30,255,84,66,49,52,34,894,122
1400000US36061003800,36061003800,"Census Tract 38, New York County, New York",5744,128,0,16,48,55,221,132,242,117,60,73,260,194,228,151,423,153,4262,331
1400000US36061003900,36061003900,"Census Tract 39, New York County, New York",3119,135,42,68,461,138,54,48,46,43,1113,184,69,57,36,40,96,78,1202,209
1400000US36061004000,36061004000,"Census Tract 40, New York County, New York",4573,106,38,62,101,101,0,16,18,32,23,37,198,110,625,186,514,190,3056,281
1400000US36061004100,36061004100,"Census Tract 41, New York County, New York",3767,161,0,16,228,159,36,44,159,119,107,102,46,41,147,98,168,87,2876,257
1400000US36061004200,36061004200,"Census Tract 42, New York County, New York",1801,56,0,11,155,82,79,44,34,24,172,74,595,110,126,52,7,10,633,105
1400000US36061004300,36061004300,"Census Tract 43, New York County, New York",2531,135,0,11,70,68,168,75,314,128,238,134,88,65,36,39,93,111,1524,227
1400000US36061004400,36061004400,"Census Tract 44, New York County, New York",8281,240,0,18,0,18,0,18,23,38,32,52,95,82,1011,340,6716,497,404,236
1400000US36061004500,36061004500,"Census Tract 45, New York County, New York",588,52,0,11,91,54,0,11,0,11,24,32,0,11,14,22,6,10,453,64
1400000US36061004700,36061004700,"Census Tract 47, New York County, New York",1598,73,0,11,98,75,0,11,0,11,0,11,31,37,40,54,39,29,1390,110
1400000US36061004800,36061004800,"Census Tract 48, New York County, New York",3781,100,15,25,35,28,102,114,97,64,450,141,933,218,534,165,136,74,1479,236
1400000US36061004900,36061004900,"Census Tract 49, New York County, New York",2964,159,0,11,25,28,0,11,21,24,74,48,109,51,89,75,211,110,2435,220
1400000US36061005000,36061005000,"Census Tract 50, New York County, New York",3605,96,0,16,39,45,40,38,485,151,141,97,803,191,648,180,214,110,1235,215
1400000US36061005200,36061005200,"Census Tract 52, New York County, New York",1773,61,0,11,112,63,25,36,132,72,134,62,407,93,59,40,77,50,827,111
1400000US36061005400,36061005400,"Census Tract 54, New York County, New York",2876,103,0,11,80,68,107,81,202,96,157,80,1032,177,226,98,186,114,886,191
1400000US36061005501,36061005501,"Census Tract 55.01, New York County, New York",2444,97,0,16,30,35,0,16,77,58,250,137,859,216,673,199,76,59,479,164
1400000US36061005502,36061005502,"Census Tract 55.02, New York County, New York",1283,89,12,19,20,23,58,38,97,43,39,28,73,51,0,11,8,14,976,98
1400000US36061005600,36061005600,"Census Tract 56, New York County, New York",2208,119,0,11,69,50,20,24,632,172,196,94,0,11,71,61,45,41,1175,184
1400000US36061005700,36061005700,"Census Tract 57, New York County, New York",1825,25,73,74,138,79,18,20,95,67,428,100,598,122,84,51,20,22,371,98
1400000US36061005800,36061005800,"Census Tract 58, New York County, New York",2293,85,0,11,1498,176,172,81,47,39,30,33,27,41,82,78,67,83,370,134
1400000US36061005900,36061005900,"Census Tract 59, New York County, New York",3242,160,0,16,0,16,0,16,0,16,103,63,671,187,1001,197,165,76,1302,204
1400000US36061006000,36061006000,"Census Tract 60, New York County, New York",2480,59,0,16,14,23,0,16,0,16,0,16,15,24,173,90,2161,132,117,81
1400000US36061006100,36061006100,"Census Tract 61, New York County, New York",2710,50,0,11,7,12,229,115,102,71,170,75,236,108,169,99,80,52,1717,161
1400000US36061006200,36061006200,"Census Tract 62, New York County, New York",1411,28,0,11,32,44,122,46,89,44,981,112,129,84,32,28,0,11,26,25
1400000US36061006300,36061006300,"Census Tract 63, New York County, New York",4332,149,0,16,24,36,60,92,101,118,93,77,462,135,678,177,292,120,2622,241
1400000US36061006400,36061006400,"Census Tract 64, New York County, New York",5077,161,46,54,402,129,112,106,289,149,1012,249,1348,294,378,170,175,91,1315,239
1400000US36061006500,36061006500,"Census Tract 65, New York County, New York",3533,140,0,16,26,41,0,16,200,134,163,98,121,75,167,116,390,154,2466,243
1400000US36061006600,36061006600,"Census Tract 66, New York County, New York",6962,153,0,18,63,80,0,18,465,272,1692,388,2360,538,543,349,493,279,1346,450
1400000US36061006700,36061006700,"Census Tract 67, New York County, New York",3906,99,0,11,9,16,0,11,93,64,101,69,164,69,232,79,324,115,2983,222
1400000US36061006800,36061006800,"Census Tract 68, New York County, New York",4397,146,23,39,34,44,269,195,439,225,501,187,590,185,574,230,209,125,1758,352
1400000US36061006900,36061006900,"Census Tract 69, New York County, New York",1474,65,0,11,288,86,10,15,57,33,172,48,32,29,88,54,29,26,798,125
1400000US36061007000,36061007000,"Census Tract 70, New York County, New York",5525,235,135,133,509,231,346,177,267,137,555,188,2005,332,320,118,222,178,1166,328
1400000US36061007100,36061007100,"Census Tract 71, New York County, New York",3835,62,0,16,0,16,0,16,9,15,124,57,966,182,308,122,260,120,2168,225
1400000US36061007200,36061007200,"Census Tract 72, New York County, New York",5286,108,0,16,111,87,151,100,1140,314,689,207,1248,311,686,248,77,63,1184,330
1400000US36061007300,36061007300,"Census Tract 73, New York County, New York",4598,122,0,16,19,30,12,19,19,30,106,106,133,80,187,121,247,118,3875,231
1400000US36061007400,36061007400,"Census Tract 74, New York County, New York",2743,103,16,25,710,158,311,112,64,62,63,50,124,69,50,52,151,93,1254,197
1400000US36061007500,36061007500,"Census Tract 75, New York County, New York",2762,37,0,11,36,44,72,59,291,84,274,91,483,179,259,123,73,60,1274,175
1400000US36061007600,36061007600,"Census Tract 76, New York County, New York",1418,59,0,11,420,76,11,14,24,31,0,11,46,40,22,20,0,11,895,96
1400000US36061007700,36061007700,"Census Tract 77, New York County, New York",4318,106,0,16,59,59,94,73,104,80,90,61,266,130,194,104,205,106,3306,250
1400000US36061007800,36061007800,"Census Tract 78, New York County, New York",5432,165,0,16,493,188,514,193,1159,276,319,161,971,260,924,322,353,167,699,211
1400000US36061007900,36061007900,"Census Tract 79, New York County, New York",2956,145,0,11,149,106,361,134,145,112,133,88,393,144,56,46,39,36,1680,201
1400000US36061008000,36061008000,"Census Tract 80, New York County, New York",3865,93,0,11,123,103,0,11,64,48,412,127,421,137,838,202,439,132,1568,252
1400000US36061008100,36061008100,"Census Tract 81, New York County, New York",5363,197,0,16,476,222,131,85,117,93,256,184,355,129,122,91,517,208,3389,353
1400000US36061008200,36061008200,"Census Tract 82, New York County, New York",2553,75,0,11,209,117,33,50,83,61,158,99,208,83,727,192,414,126,721,210
1400000US36061008300,36061008300,"Census Tract 83, New York County, New York",2315,63,10,18,385,104,0,11,18,28,242,122,519,152,105,80,79,57,957,185
1400000US36061008400,36061008400,"Census Tract 84, New York County, New York",1134,45,38,39,378,95,107,44,109,46,35,29,23,37,5,7,25,22,414,82
1400000US36061008601,36061008601,"Census Tract 86.01, New York County, New York",1522,53,0,11,5,9,158,71,1093,102,205,82,36,45,0,11,0,11,25,26
1400000US36061008602,36061008602,"Census Tract 86.02, New York County, New York",0,11,0,11,0,11,0,11,0,11,0,11,0,11,0,11,0,11,0,11
1400000US36061008603,36061008603,"Census Tract 86.03, New York County, New York",3576,80,0,11,115,65,47,35,193,126,589,183,503,124,909,165,28,33,1192,196
1400000US36061008700,36061008700,"Census Tract 87, New York County, New York",4350,70,0,16,564,193,107,85,328,194,194,136,304,220,264,163,456,203,2133,336
1400000US36061008800,36061008800,"Census Tract 88, New York County, New York",5543,154,0,16,27,43,33,38,623,265,360,157,1080,282,252,118,134,99,3034,334
1400000US36061008900,36061008900,"Census Tract 89, New York County, New York",3542,96,55,42,159,112,56,50,52,41,119,71,529,161,305,143,118,76,2149,218
1400000US36061009000,36061009000,"Census Tract 90, New York County, New York",5735,110,31,51,617,221,309,185,735,215,851,224,1289,294,618,211,135,81,1150,315
1400000US36061009100,36061009100,"Census Tract 91, New York County, New York",4431,94,0,16,870,206,101,73,354,143,225,126,222,98,151,86,89,62,2419,244
1400000US36061009200,36061009200,"Census Tract 92, New York County, New York",1422,61,0,11,322,71,27,26,137,73,25,23,37,26,74,50,18,18,782,105
1400000US36061009300,36061009300,"Census Tract 93, New York County, New York",5699,192,166,156,109,107,21,36,149,148,65,90,1262,244,281,161,169,105,3477,320
1400000US36061009400,36061009400,"Census Tract 94, New York County, New York",24,13,0,11,0,11,0,11,4,6,9,13,0,11,7,8,0,11,4,6
1400000US36061009500,36061009500,"Census Tract 95, New York County, New York",1444,57,144,48,287,106,41,43,44,56,42,28,84,51,40,44,0,11,762,121
1400000US36061009600,36061009600,"Census Tract 96, New York County, New York",282,71,0,11,135,53,11,16,0,11,0,11,25,25,4,5,0,11,107,51
1400000US36061009700,36061009700,"Census Tract 97, New York County, New York",2852,53,0,11,27,24,25,28,21,31,41,44,1428,188,282,116,385,168,643,175
1400000US36061009800,36061009800,"Census Tract 98, New York County, New York",5314,173,0,16,187,103,172,166,543,216,340,134,1071,278,635,208,377,155,1989,369
1400000US36061009900,36061009900,"Census Tract 99, New York County, New York",2808,110,838,148,1547,195,39,37,0,11,11,18,15,16,35,44,0,11,323,107
1400000US36061010000,36061010000,"Census Tract 100, New York County, New York",1393,21,0,11,12,22,10,16,7,12,69,68,259,100,401,86,200,92,435,115
1400000US36061010100,36061010100,"Census Tract 101, New York County, New York",917,49,245,56,603,70,0,11,12,12,0,11,15,20,12,13,0,11,30,25
1400000US36061010200,36061010200,"Census Tract 102, New York County, New York",269,40,0,11,74,43,3,7,0,11,145,60,13,15,0,11,0,11,34,51
1400000US36061010300,36061010300,"Census Tract 103, New York County, New York",1396,70,0,11,303,101,79,49,140,62,49,35,213,68,57,51,111,68,444,120
1400000US36061010400,36061010400,"Census Tract 104, New York County, New York",1043,50,0,11,14,22,8,9,157,50,52,31,232,62,60,35,72,37,448,64
1400000US36061010601,36061010601,"Census Tract 106.01, New York County, New York",5230,203,0,16,34,54,157,177,344,192,339,152,1357,309,1170,236,250,121,1579,275
1400000US36061010602,36061010602,"Census Tract 106.02, New York County, New York",2975,99,0,11,266,115,141,97,288,112,266,104,461,160,1114,236,185,95,254,162
1400000US36061010800,36061010800,"Census Tract 108, New York County, New York",6291,161,0,16,400,227,132,150,486,158,1210,323,1526,324,666,220,371,190,1500,327
1400000US36061010900,36061010900,"Census Tract 109, New York County, New York",131,29,0,11,0,11,0,11,18,20,8,12,19,22,5,8,5,8,76,27
1400000US36061011000,36061011000,"Census Tract 110, New York County, New York",5098,97,0,16,79,64,103,90,291,139,279,140,1765,332,833,258,442,196,1306,284
1400000US36061011100,36061011100,"Census Tract 111, New York County, New York",2761,104,258,121,777,161,309,103,106,79,15,23,53,44,65,57,200,127,978,166
1400000US36061011201,36061011201,"Census Tract 112.01, New York County, New York",1012,27,20,23,20,22,0,11,17,15,34,26,333,67,77,44,153,57,358,79
1400000US36061011202,36061011202,"Census Tract 112.02, New York County, New York",466,30,0,11,4,6,7,8,148,52,26,22,0,11,7,9,10,15,264,57
1400000US36061011203,36061011203,"Census Tract 112.03, New York County, New York",1174,55,6,10,131,60,123,73,39,32,180,71,163,60,222,62,125,38,185,69
1400000US36061011300,36061011300,"Census Tract 113, New York County, New York",71,24,5,9,28,19,20,10,10,15,0,11,0,11,0,11,0,11,8,9
1400000US36061011401,36061011401,"Census Tract 114.01, New York County, New York",1289,83,0,11,24,19,17,28,47,53,137,56,113,49,111,54,145,69,695,96
1400000US36061011402,36061011402,"Census Tract 114.02, New York County, New York",1967,84,0,11,18,19,9,14,131,61,9,14,514,100,306,78,108,62,872,129
1400000US36061011500,36061011500,"Census Tract 115, New York County, New York",1848,69,226,62,849,106,66,49,162,75,35,38,15,15,32,32,74,50,389,95
1400000US36061011600,36061011600,"Census Tract 116, New York County, New York",2770,120,0,11,178,125,122,97,81,61,120,103,565,156,343,151,154,99,1207,206
1400000US36061011700,36061011700,"Census Tract 117, New York County, New York",2580,128,124,70,2111,197,321,155,24,29,0,11,0,11,0,11,0,11,0,11
1400000US36061011800,36061011800,"Census Tract 118, New York County, New York",6370,209,0,16,0,16,294,148,546,188,847,283,2017,295,731,267,436,199,1499,262
1400000US36061011900,36061011900,"Census Tract 119, New York County, New York",1110,32,0,11,0,11,0,11,0,11,8,12,88,71,24,18,82,57,908,92
1400000US36061012000,36061012000,"Census Tract 120, New York County, New York",2624,87,0,11,166,91,45,57,248,116,142,105,779,144,287,143,174,90,783,199
1400000US36061012100,36061012100,"Census Tract 121, New York County, New York",5753,160,0,16,731,247,98,64,116,73,1711,304,396,212,342,182,287,189,2072,328
1400000US36061012200,36061012200,"Census Tract 122, New York County, New York",2971,75,0,11,0,11,0,11,8,12,26,28,248,104,446,117,648,189,1595,216
1400000US36061012400,36061012400,"Census Tract 124, New York County, New York",6584,176,0,18,172,140,286,119,1270,420,1270,308,1218,336,616,267,522,267,1230,349
1400000US36061012500,36061012500,"Census Tract 125, New York County, New York",2132,35,8,12,773,140,714,141,220,94,125,65,42,56,13,19,15,25,222,82
1400000US36061012600,36061012600,"Census Tract 126, New York County, New York",8685,290,0,18,0,18,55,54,333,185,1319,517,2699,581,1393,400,223,144,2663,619
1400000US36061012700,36061012700,"Census Tract 127, New York County, New York",4509,181,0,16,119,88,112,90,407,203,89,58,253,154,227,117,302,124,3000,305
1400000US36061012800,36061012800,"Census Tract 128, New York County, New York",3768,152,0,16,47,77,110,69,62,49,113,86,946,219,761,205,276,143,1453,222
1400000US36061012900,36061012900,"Census Tract 129, New York County, New York",3601,106,0,16,1193,208,418,144,769,225,34,32,24,28,119,79,126,78,918,226
1400000US36061013000,36061013000,"Census Tract 130, New York County, New York",2747,128,0,11,8,13,13,21,61,65,37,39,77,46,342,145,493,161,1716,231
1400000US36061013100,36061013100,"Census Tract 131, New York County, New York",2300,37,0,11,219,60,189,89,147,75,150,74,478,105,21,25,49,38,1047,145
1400000US36061013200,36061013200,"Census Tract 132, New York County, New York",6778,211,38,60,209,151,119,113,427,231,475,254,1675,375,676,251,437,291,2722,410
1400000US36061013300,36061013300,"Census Tract 133, New York County, New York",4003,98,47,29,406,138,584,177,279,121,291,137,196,96,190,84,236,104,1774,213
1400000US36061013400,36061013400,"Census Tract 134, New York County, New York",7569,154,0,18,305,207,395,216,429,221,804,254,2069,491,856,326,311,188,2400,459
1400000US36061013500,36061013500,"Census Tract 135, New York County, New York",4152,74,183,73,1860,200,244,130,360,137,950,166,162,87,88,65,31,36,274,139
1400000US36061013600,36061013600,"Census Tract 136, New York County, New York",9911,150,83,132,232,235,75,114,917,277,1519,438,2417,548,1953,482,602,265,2113,497
1400000US36061013700,36061013700,"Census Tract 137, New York County, New York",5377,271,0,16,247,185,150,124,867,256,684,231,498,142,439,238,525,242,1967,328
1400000US36061013800,36061013800,"Census Tract 138, New York County, New York",8193,152,0,18,46,72,245,183,301,170,1201,388,1533,399,1117,429,509,337,3241,520
1400000US36061013900,36061013900,"Census Tract 139, New York County, New York",7447,225,0,16,260,203,94,86,1077,472,731,308,734,315,1108,421,802,343,2641,564
1400000US36061014000,36061014000,"Census Tract 140, New York County, New York",4431,133,0,16,103,81,115,94,267,121,358,133,464,125,282,93,331,135,2511,307
1400000US36061014200,36061014200,"Census Tract 142, New York County, New York",2842,103,0,11,84,77,0,11,136,75,192,97,272,135,317,123,201,121,1640,213
1400000US36061014300,36061014300,"Census Tract 143, New York County, New York",0,11,0,11,0,11,0,11,0,11,0,11,0,11,0,11,0,11,0,11
1400000US36061014401,36061014401,"Census Tract 144.01, New York County, New York",2956,38,0,11,0,11,0,11,164,102,466,128,598,176,631,144,146,83,951,191
1400000US36061014402,36061014402,"Census Tract 144.02, New York County, New York",4297,59,0,16,18,28,0,16,219,87,710,137,1360,210,426,137,183,105,1381,243
1400000US36061014500,36061014500,"Census Tract 145, New York County, New York",3559,112,12,22,479,162,1049,198,925,185,230,96,171,109,443,123,99,84,151,61
1400000US36061014601,36061014601,"Census Tract 146.01, New York County, New York",2839,89,11,18,172,64,370,142,640,167,337,124,165,82,181,105,94,74,869,168
1400000US36061014602,36061014602,"Census Tract 146.02, New York County, New York",5296,95,0,16,0,16,253,150,842,226,867,182,1002,253,521,186,231,116,1580,276
1400000US36061014700,36061014700,"Census Tract 147, New York County, New York",1887,29,40,26,1098,108,136,52,93,44,289,87,143,87,67,57,8,13,13,16
1400000US36061014801,36061014801,"Census Tract 148.01, New York County, New York",1710,50,6,11,138,51,23,19,226,69,271,76,482,108,74,41,36,46,454,87
1400000US36061014802,36061014802,"Census Tract 148.02, New York County, New York",4024,56,0,16,147,61,236,114,334,134,432,154,377,128,236,103,244,101,2018,224
1400000US36061014900,36061014900,"Census Tract 149, New York County, New York",4040,102,32,34,223,94,288,120,429,137,1141,233,365,134,173,90,102,58,1287,223
1400000US36061015001,36061015001,"Census Tract 150.01, New York County, New York",1332,28,0,11,9,14,0,11,107,79,30,28,131,65,174,75,58,37,823,95
1400000US36061015002,36061015002,"Census Tract 150.02, New York County, New York",2933,88,0,16,0,16,0,16,10,17,306,95,469,159,539,191,258,127,1351,195
1400000US36061015100,36061015100,"Census Tract 151, New York County, New York",5007,58,230,147,1272,277,1384,317,136,103,283,108,121,137,231,198,758,234,592,278
1400000US36061015200,36061015200,"Census Tract 152, New York County, New York",3988,51,0,16,168,63,467,170,624,184,363,118,1163,223,502,161,227,70,474,156
1400000US36061015300,36061015300,"Census Tract 153, New York County, New York",6280,88,0,16,60,83,556,217,931,254,300,164,1108,218,353,187,116,73,2856,347
1400000US36061015400,36061015400,"Census Tract 154, New York County, New York",8369,192,0,18,560,300,740,428,993,356,2890,512,567,281,605,361,173,126,1841,462
1400000US36061015500,36061015500,"Census Tract 155, New York County, New York",6616,113,0,16,846,226,962,250,112,88,249,156,3541,314,596,191,66,70,244,130
1400000US36061015601,36061015601,"Census Tract 156.01, New York County, New York",3163,64,58,74,123,61,226,122,1103,164,307,105,186,83,72,57,123,102,965,180
1400000US36061015602,36061015602,"Census Tract 156.02, New York County, New York",1110,25,0,11,266,76,19,22,13,21,43,41,66,59,417,95,111,77,175,84
1400000US36061015700,36061015700,"Census Tract 157, New York County, New York",7165,232,0,18,24,28,47,73,291,294,41,55,623,299,269,252,344,225,5526,471
1400000US36061015801,36061015801,"Census Tract 158.01, New York County, New York",2998,45,0,16,0,16,51,38,423,159,220,102,95,64,142,69,152,70,1915,163
1400000US36061015802,36061015802,"Census Tract 158.02, New York County, New York",2081,46,87,31,480,95,481,111,122,63,99,63,154,74,194,82,49,31,415,117
1400000US36061015900,36061015900,"Census Tract 159, New York County, New York",6366,245,44,51,629,264,210,150,61,58,230,125,411,157,530,194,270,179,3981,354
1400000US36061016001,36061016001,"Census Tract 160.01, New York County, New York",1944,69,0,11,0,11,36,45,135,43,48,39,37,41,65,46,59,38,1564,89
1400000US36061016002,36061016002,"Census Tract 160.02, New York County, New York",1334,36,0,11,0,11,18,20,0,11,32,22,10,15,32,28,72,41,1170,72
1400000US36061016100,36061016100,"Census Tract 161, New York County, New York",4338,124,18,29,33,37,0,16,8,13,39,42,144,75,113,81,213,93,3770,157
1400000US36061016200,36061016200,"Census Tract 162, New York County, New York",4123,121,0,16,0,16,69,61,148,108,2142,242,619,177,419,161,460,145,266,122
1400000US36061016300,36061016300,"Census Tract 163, New York County, New York",4394,122,16,26,134,60,13,21,30,34,14,24,168,81,35,39,299,91,3685,180
1400000US36061016400,36061016400,"Census Tract 164, New York County, New York",2642,72,86,54,591,125,140,105,152,101,377,143,400,167,470,167,185,90,241,142
1400000US36061016500,36061016500,"Census Tract 165, New York County, New York",3996,80,0,16,0,16,0,16,196,76,18,29,0,16,44,52,175,103,3563,149
1400000US36061016600,36061016600,"Census Tract 166, New York County, New York",3116,83,0,16,289,123,187,99,156,89,136,72,355,122,291,124,300,128,1402,191
1400000US36061016700,36061016700,"Census Tract 167, New York County, New York",3709,103,0,16,30,34,53,61,215,85,223,102,120,64,258,124,185,81,2625,205
1400000US36061016800,36061016800,"Census Tract 168, New York County, New York",1828,41,53,45,0,11,0,11,9,14,67,42,255,98,789,138,279,93,376,98
1400000US36061016900,36061016900,"Census Tract 169, New York County, New York",4953,66,0,16,0,16,75,58,86,148,88,87,102,70,136,89,228,98,4238,216
1400000US36061017000,36061017000,"Census Tract 170, New York County, New York",3376,83,0,16,134,71,119,98,106,80,153,96,1635,221,457,145,179,93,593,171
1400000US36061017100,36061017100,"Census Tract 171, New York County, New York",5018,145,0,16,0,16,14,23,403,132,33,40,129,88,121,87,221,124,4097,270
1400000US36061017200,36061017200,"Census Tract 172, New York County, New York",2443,67,18,21,408,121,164,86,123,77,363,146,400,139,68,83,150,90,749,186
1400000US36061017300,36061017300,"Census Tract 173, New York County, New York",5119,123,0,16,0,16,344,134,656,210,308,103,179,127,89,62,142,103,3401,308
1400000US36061017401,36061017401,"Census Tract 174.01, New York County, New York",2257,59,12,19,105,89,44,53,57,56,666,151,457,146,424,134,221,137,271,123
1400000US36061017402,36061017402,"Census Tract 174.02, New York County, New York",872,32,0,11,53,30,22,18,229,57,481,75,52,29,8,13,18,21,9,10
1400000US36061017500,36061017500,"Census Tract 175, New York County, New York",5882,121,0,18,18,28,166,97,636,224,14,23,160,114,64,76,184,114,4640,331
1400000US36061017700,36061017700,"Census Tract 177, New York County, New York",5060,172,0,16,0,16,88,123,146,84,1004,228,1124,278,327,171,226,128,2145,291
1400000US36061017800,36061017800,"Census Tract 178, New York County, New York",1878,61,0,11,76,57,111,64,59,47,35,28,68,52,151,76,116,61,1262,143
1400000US36061017900,36061017900,"Census Tract 179, New York County, New York",5275,138,0,16,214,140,97,149,157,147,44,65,167,142,100,78,319,153,4177,297
1400000US36061018000,36061018000,"Census Tract 180, New York County, New York",2980,97,70,70,203,131,101,74,51,55,218,122,518,152,946,226,309,130,564,156
1400000US36061018100,36061018100,"Census Tract 181, New York County, New York",4699,140,0,16,0,16,242,154,244,132,848,213,1223,246,82,62,173,82,1887,256
1400000US36061018200,36061018200,"Census Tract 182, New York County, New York",2778,89,0,16,259,136,122,101,16,27,221,114,291,139,706,171,709,194,454,165
1400000US36061018300,36061018300,"Census Tract 183, New York County, New York",5118,168,0,16,185,77,223,101,580,189,144,144,267,132,241,104,113,73,3365,308
1400000US36061018400,36061018400,"Census Tract 184, New York County, New York",3278,79,45,64,824,185,173,107,161,104,420,137,781,186,255,104,199,124,420,157
1400000US36061018500,36061018500,"Census Tract 185, New York County, New York",3125,107,157,87,429,163,0,11,79,80,161,103,1494,202,686,167,26,31,93,85
1400000US36061018600,36061018600,"Census Tract 186, New York County, New York",2069,73,0,16,9,14,95,66,176,112,146,92,316,107,786,145,93,62,448,143
1400000US36061018700,36061018700,"Census Tract 187, New York County, New York",4552,116,0,16,154,89,24,39,12,19,0,16,198,113,81,63,135,89,3948,202
1400000US36061018800,36061018800,"Census Tract 188, New York County, New York",2574,62,0,16,507,130,263,117,40,42,114,79,390,161,224,115,128,101,908,191
1400000US36061018900,36061018900,"Census Tract 189, New York County, New York",5266,97,0,18,81,72,147,142,182,121,47,47,500,221,1315,316,330,167,2664,380
1400000US36061019000,36061019000,"Census Tract 190, New York County, New York",1657,36,8,14,665,89,139,70,62,35,139,63,229,90,85,58,17,25,313,98
1400000US36061019100,36061019100,"Census Tract 191, New York County, New York",4922,80,46,74,41,49,0,16,0,16,0,16,230,120,159,88,190,100,4256,172
1400000US36061019200,36061019200,"Census Tract 192, New York County, New York",1365,36,0,11,0,11,0,11,22,27,36,32,190,82,825,120,124,73,168,71
1400000US36061019300,36061019300,"Census Tract 193, New York County, New York",4240,128,0,16,118,75,19,31,718,199,264,128,219,127,366,169,227,130,2309,337
1400000US36061019400,36061019400,"Census Tract 194, New York County, New York",2672,46,0,16,237,118,90,75,90,56,603,194,84,57,879,192,49,45,640,204
1400000US36061019500,36061019500,"Census Tract 195, New York County, New York",3832,78,0,16,46,38,0,16,12,19,50,49,22,25,138,73,198,95,3366,141
1400000US36061019600,36061019600,"Census Tract 196, New York County, New York",1655,56,12,19,261,76,82,52,330,89,545,123,179,80,70,55,26,29,150,59
1400000US36061019701,36061019701,"Census Tract 197.01, New York County, New York",499,19,33,31,388,48,0,11,0,11,13,21,16,16,16,26,19,30,14,16
1400000US36061019702,36061019702,"Census Tract 197.02, New York County, New York",1172,59,16,17,43,39,114,62,235,81,38,26,91,67,109,63,23,28,503,134
1400000US36061019800,36061019800,"Census Tract 198, New York County, New York",1262,51,0,11,437,92,216,79,29,25,0,11,55,53,73,52,124,86,328,106
1400000US36061019900,36061019900,"Census Tract 199, New York County, New York",3727,126,0,18,59,43,26,30,48,41,186,106,92,77,71,75,122,69,3123,170
1400000US36061020000,36061020000,"Census Tract 200, New York County, New York",1571,68,0,11,81,38,53,45,0,11,51,45,0,11,50,45,82,50,1254,111
1400000US36061020101,36061020101,"Census Tract 201.01, New York County, New York",310,16,0,11,0,11,0,11,0,11,9,9,5,7,20,13,8,10,268,25
1400000US36061020102,36061020102,"Census Tract 201.02, New York County, New York",1888,63,36,32,167,75,213,74,131,99,57,42,119,64,63,35,93,56,1009,149
1400000US36061020300,36061020300,"Census Tract 203, New York County, New York",537,64,15,20,74,34,4,6,2,5,0,11,0,11,56,27,0,11,386,53
1400000US36061020500,36061020500,"Census Tract 205, New York County, New York",1307,45,0,11,24,37,0,11,0,11,0,11,0,11,8,12,0,11,1275,58
1400000US36061020600,36061020600,"Census Tract 206, New York County, New York",1656,64,35,30,268,94,134,71,0,11,62,42,97,55,73,51,64,47,923,129
1400000US36061020701,36061020701,"Census Tract 207.01, New York County, New York",1374,33,0,11,0,11,0,11,0,11,63,43,0,11,52,34,72,40,1187,80
1400000US36061020800,36061020800,"Census Tract 208, New York County, New York",2608,79,0,16,385,147,60,48,34,39,14,22,220,118,116,78,408,154,1371,200
1400000US36061020901,36061020901,"Census Tract 209.01, New York County, New York",1589,46,0,11,175,89,50,50,20,31,46,48,241,98,543,100,169,90,345,101
1400000US36061021000,36061021000,"Census Tract 210, New York County, New York",3228,65,0,16,0,16,0,16,0,16,171,102,871,185,725,200,1257,193,204,109
1400000US36061021100,36061021100,"Census Tract 211, New York County, New York",4583,101,0,16,172,153,0,16,40,50,142,86,613,256,1563,315,325,194,1728,273
1400000US36061021200,36061021200,"Census Tract 212, New York County, New York",2787,58,0,11,205,100,86,78,205,100,288,149,557,201,901,224,300,130,245,131
1400000US36061021303,36061021303,"Census Tract 213.03, New York County, New York",2418,63,0,16,95,70,294,111,141,94,47,39,219,94,156,86,95,59,1371,155
1400000US36061021400,36061021400,"Census Tract 214, New York County, New York",2007,44,0,11,18,29,18,18,0,11,148,74,730,147,809,136,151,57,133,65
1400000US36061021500,36061021500,"Census Tract 215, New York County, New York",1424,39,93,47,77,40,73,40,79,49,511,95,388,93,57,38,57,49,89,44
1400000US36061021600,36061021600,"Census Tract 216, New York County, New York",3819,92,13,22,420,139,150,78,134,74,335,138,222,121,316,116,256,122,1973,242
1400000US36061021703,36061021703,"Census Tract 217.03, New York County, New York",0,11,0,11,0,11,0,11,0,11,0,11,0,11,0,11,0,11,0,11
1400000US36061021800,36061021800,"Census Tract 218, New York County, New York",2987,119,45,53,607,178,51,52,82,63,187,95,137,76,242,117,128,62,1508,222
1400000US36061021900,36061021900,"Census Tract 219, New York County, New York",2252,53,0,16,129,79,77,55,47,44,239,111,257,110,459,132,174,109,870,170
1400000US36061022000,36061022000,"Census Tract 220, New York County, New York",2891,69,0,16,274,111,68,50,28,42,173,112,239,104,113,84,104,70,1892,188
1400000US36061022102,36061022102,"Census Tract 221.02, New York County, New York",1353,66,0,11,260,83,104,49,0,11,0,11,21,23,60,38,58,37,850,101
1400000US36061022200,36061022200,"Census Tract 222, New York County, New York",1523,59,29,28,271,84,62,45,232,65,71,53,97,63,50,40,167,73,544,112
1400000US36061022301,36061022301,"Census Tract 223.01, New York County, New York",2509,59,0,16,17,27,18,28,31,35,17,24,9,14,88,70,192,96,2137,131
1400000US36061022302,36061022302,"Census Tract 223.02, New York County, New York",1543,33,0,11,0,11,11,18,34,32,1009,122,197,72,23,27,32,33,237,100
1400000US36061022400,36061022400,"Census Tract 224, New York County, New York",2930,101,187,114,499,166,127,85,68,70,11,18,61,56,1195,207,154,81,628,191
1400000US36061022500,36061022500,"Census Tract 225, New York County, New York",3900,95,0,18,75,86,22,35,88,67,52,46,609,183,236,114,227,104,2591,277
1400000US36061022600,36061022600,"Census Tract 226, New York County, New York",2334,65,0,11,286,113,76,53,107,59,173,90,159,80,224,92,127,55,1182,156
1400000US36061022700,36061022700,"Census Tract 227, New York County, New York",2496,62,39,37,148,75,41,64,0,16,58,53,87,65,145,91,148,68,1830,164
1400000US36061022800,36061022800,"Census Tract 228, New York County, New York",2790,81,0,16,131,88,234,97,10,22,104,68,272,149,124,98,125,87,1790,212
1400000US36061022900,36061022900,"Census Tract 229, New York County, New York",3202,80,87,83,24,37,30,39,14,25,56,44,89,65,50,43,294,101,2558,166
1400000US36061023000,36061023000,"Census Tract 230, New York County, New York",3952,95,16,26,91,69,248,132,211,116,195,101,397,124,231,115,442,138,2121,264
1400000US36061023100,36061023100,"Census Tract 231, New York County, New York",2924,89,14,24,16,27,0,16,17,27,139,92,100,71,304,115,196,95,2138,183
1400000US36061023200,36061023200,"Census Tract 232, New York County, New York",3338,115,88,91,75,69,247,121,166,92,332,177,665,216,416,159,351,147,998,224
1400000US36061023300,36061023300,"Census Tract 233, New York County, New York",2713,66,0,16,63,56,54,62,20,31,7,13,15,30,27,30,196,104,2331,146
1400000US36061023400,36061023400,"Census Tract 234, New York County, New York",2366,58,17,24,242,101,79,54,25,25,237,92,51,48,134,76,128,55,1453,140
1400000US36061023501,36061023501,"Census Tract 235.01, New York County, New York",2606,58,0,16,60,57,16,26,242,104,129,74,41,39,80,61,211,110,1827,206
1400000US36061023502,36061023502,"Census Tract 235.02, New York County, New York",940,52,0,11,29,28,87,49,42,32,9,13,17,22,72,52,179,70,505,98
1400000US36061023600,36061023600,"Census Tract 236, New York County, New York",3135,111,0,16,214,106,258,120,166,132,62,54,1408,241,100,97,287,127,640,207
1400000US36061023700,36061023700,"Census Tract 237, New York County, New York",2754,83,0,16,18,28,49,51,54,52,16,25,25,34,99,58,166,121,2327,167
1400000US36061023801,36061023801,"Census Tract 238.01, New York County, New York",4464,192,0,16,1171,227,160,109,747,238,2002,320,140,118,64,58,13,22,167,148
1400000US36061023802,36061023802,"Census Tract 238.02, New York County, New York",739,55,14,18,542,75,26,32,21,18,22,28,20,21,19,30,0,11,75,44
1400000US36061023900,36061023900,"Census Tract 239, New York County, New York",1043,49,0,11,0,11,8,11,38,31,36,26,82,46,84,54,116,63,679,88
1400000US36061024000,36061024000,"Census Tract 240, New York County, New York",0,11,0,11,0,11,0,11,0,11,0,11,0,11,0,11,0,11,0,11
1400000US36061024100,36061024100,"Census Tract 241, New York County, New York",3490,72,0,16,54,55,29,33,147,90,328,158,438,124,225,125,244,136,2025,271
1400000US36061024200,36061024200,"Census Tract 242, New York County, New York",1438,42,104,58,160,61,131,81,222,94,302,119,196,81,62,45,44,44,217,76
1400000US36061024301,36061024301,"Census Tract 243.01, New York County, New York",1491,64,8,15,73,53,33,32,99,78,22,26,106,74,43,36,339,142,768,131
1400000US36061024302,36061024302,"Census Tract 243.02, New York County, New York",2510,67,0,16,12,21,0,16,15,24,87,82,1421,162,764,163,185,94,26,39
1400000US36061024500,36061024500,"Census Tract 245, New York County, New York",4952,117,0,18,0,18,56,63,96,71,145,119,207,115,346,164,510,178,3592,303
1400000US36061024700,36061024700,"Census Tract 247, New York County, New York",2657,52,0,16,22,19,0,16,31,37,0,16,111,81,42,48,470,153,1981,201
1400000US36061024900,36061024900,"Census Tract 249, New York County, New York",387,26,0,11,5,7,0,11,4,9,0,11,27,21,14,12,29,21,308,36
1400000US36061025100,36061025100,"Census Tract 251, New York County, New York",856,39,0,11,7,12,7,10,28,31,23,15,19,19,50,27,125,53,597,74
1400000US36061025300,36061025300,"Census Tract 253, New York County, New York",3934,66,0,18,13,21,53,67,165,94,166,80,196,111,224,94,553,162,2564,235
1400000US36061025500,36061025500,"Census Tract 255, New York County, New York",2264,116,0,16,0,16,19,24,28,34,182,105,122,72,103,76,158,91,1652,199
1400000US36061025700,36061025700,"Census Tract 257, New York County, New York",2001,50,49,38,771,104,45,34,12,14,69,48,59,46,45,35,29,27,922,121
1400000US36061025900,36061025900,"Census Tract 259, New York County, New York",1737,55,145,79,713,100,96,61,63,41,149,71,66,49,32,28,21,19,452,89
1400000US36061026100,36061026100,"Census Tract 261, New York County, New York",3820,88,0,18,57,46,0,18,67,48,96,66,475,143,180,91,272,93,2673,218
1400000US36061026300,36061026300,"Census Tract 263, New York County, New York",2937,82,0,16,0,16,14,21,0,16,59,53,394,133,255,95,188,103,2027,191
1400000US36061026500,36061026500,"Census Tract 265, New York County, New York",2976,55,0,16,16,25,0,16,57,49,26,31,33,38,371,102,296,138,2177,187
1400000US36061026700,36061026700,"Census Tract 267, New York County, New York",634,28,0,11,0,11,5,7,0,11,22,23,22,16,59,30,99,44,427,56
1400000US36061026900,36061026900,"Census Tract 269, New York County, New York",2791,70,0,16,60,61,9,17,40,38,54,44,15,23,126,71,201,112,2286,156
1400000US36061027100,36061027100,"Census Tract 271, New York County, New York",3032,76,38,59,118,80,0,16,13,21,44,42,79,49,165,76,264,110,2311,182
1400000US36061027300,36061027300,"Census Tract 273, New York County, New York",3374,87,0,16,0,16,0,16,14,22,0,16,128,79,245,103,351,126,2636,189
1400000US36061027500,36061027500,"Census Tract 275, New York County, New York",1690,71,0,11,45,49,0,11,0,11,49,39,159,59,70,41,194,63,1173,106
1400000US36061027700,36061027700,"Census Tract 277, New York County, New York",2166,56,0,16,0,16,13,23,17,28,93,56,40,40,49,48,181,82,1773,128
1400000US36061027900,36061027900,"Census Tract 279, New York County, New York",4156,73,26,30,16,26,12,19,13,22,156,88,145,79,583,155,366,148,2839,230
1400000US36061028100,36061028100,"Census Tract 281, New York County, New York",1414,24,9,14,0,11,0,11,6,9,22,24,229,72,119,50,340,87,689,104
1400000US36061028300,36061028300,"Census Tract 283, New York County, New York",3298,51,17,28,0,16,7,11,58,50,57,55,806,171,414,154,277,104,1662,208
1400000US36061028500,36061028500,"Census Tract 285, New York County, New York",2782,72,0,16,12,21,93,54,10,16,40,35,104,71,40,35,103,63,2380,142
1400000US36061028700,36061028700,"Census Tract 287, New York County, New York",1765,49,0,11,7,14,0,11,0,11,27,25,30,31,60,37,203,77,1438,100
1400000US36061029100,36061029100,"Census Tract 291, New York County, New York",3992,99,17,29,109,62,130,82,12,20,120,82,206,80,235,96,67,56,3096,205
1400000US36061029300,36061029300,"Census Tract 293, New York County, New York",3044,68,0,16,0,16,0,16,213,114,64,72,32,36,99,72,110,63,2526,156
1400000US36061029500,36061029500,"Census Tract 295, New York County, New York",3503,49,22,34,47,42,10,16,54,52,96,78,83,59,100,54,306,106,2785,188
1400000US36061029700,36061029700,"Census Tract 297, New York County, New York",0,11,0,11,0,11,0,11,0,11,0,11,0,11,0,11,0,11,0,11
1400000US36061029900,36061029900,"Census Tract 299, New York County, New York",1544,34,0,11,0,11,8,13,13,19,42,33,50,33,1043,122,200,74,188,79
1400000US36061030300,36061030300,"Census Tract 303, New York County, New York",1866,56,0,11,0,11,0,11,0,11,76,54,0,11,86,47,227,78,1477,105
1400000US36061030700,36061030700,"Census Tract 307, New York County, New York",1902,51,0,11,0,11,0,11,26,23,9,14,94,39,265,68,499,115,1009,123
1400000US36061030900,36061030900,"Census Tract 309, New York County, New York",3539,88,0,16,15,25,33,40,0,16,369,107,172,93,1448,194,200,120,1302,187
1400000US36061031100,36061031100,"Census Tract 311, New York County, New York",0,11,0,11,0,11,0,11,0,11,0,11,0,11,0,11,0,11,0,11
1400000US36061031703,36061031703,"Census Tract 317.03, New York County, New York",4388,71,92,56,1959,248,857,229,1327,226,87,91,66,75,0,16,0,16,0,16
1400000US36061031704,36061031704,"Census Tract 317.04, New York County, New York",3873,93,23,37,694,227,443,167,2393,279,158,119,47,40,52,59,33,51,30,36
1400000US36061031900,36061031900,"Census Tract 319, New York County, New York",0,11,0,11,0,11,0,11,0,11,0,11,0,11,0,11,0,11,0,11
