GEO.id,GEO.id2,GEO.display-label,HD01_VD01,HD02_VD01,HD01_VD02,HD02_VD02,HD01_VD03,HD02_VD03,HD01_VD04,HD02_VD04,HD01_VD05,HD02_VD05,HD01_VD06,HD02_VD06,HD01_VD07,HD02_VD07,HD01_VD08,HD02_VD08,HD01_VD09,HD02_VD09,HD01_VD10,HD02_VD10,HD01_VD11,HD02_VD11,HD01_VD12,HD02_VD12,HD01_VD13,HD02_VD13,HD01_VD14,HD02_VD14,HD01_VD15,HD02_VD15,HD01_VD16,HD02_VD16,HD01_VD17,HD02_VD17,HD01_VD18,HD02_VD18,HD01_VD19,HD02_VD19,HD01_VD20,HD02_VD20,HD01_VD21,HD02_VD21,HD01_VD22,HD02_VD22,HD01_VD23,HD02_VD23,HD01_VD24,HD02_VD24,HD01_VD25,HD02_VD25,HD01_VD26,HD02_VD26,HD01_VD27,HD02_VD27
Id,Id2,Geography,Estimate; Total:,Margin of Error; Total:,Estimate; With cash rent:,Margin of Error; With cash rent:,Estimate; With cash rent: - Less than $100,Margin of Error; With cash rent: - Less than $100,Estimate; With cash rent: - $100 to $149,Margin of Error; With cash rent: - $100 to $149,Estimate; With cash rent: - $150 to $199,Margin of Error; With cash rent: - $150 to $199,Estimate; With cash rent: - $200 to $249,Margin of Error; With cash rent: - $200 to $249,Estimate; With cash rent: - $250 to $299,Margin of Error; With cash rent: - $250 to $299,Estimate; With cash rent: - $300 to $349,Margin of Error; With cash rent: - $300 to $349,Estimate; With cash rent: - $350 to $399,Margin of Error; With cash rent: - $350 to $399,Estimate; With cash rent: - $400 to $449,Margin of Error; With cash rent: - $400 to $449,Estimate; With cash rent: - $450 to $499,Margin of Error; With cash rent: - $450 to $499,Estimate; With cash rent: - $500 to $549,Margin of Error; With cash rent: - $500 to $549,Estimate; With cash rent: - $550 to $599,Margin of Error; With cash rent: - $550 to $599,Estimate; With cash rent: - $600 to $649,Margin of Error; With cash rent: - $600 to $649,Estimate; With cash rent: - $650 to $699,Margin of Error; With cash rent: - $650 to $699,Estimate; With cash rent: - $700 to $749,Margin of Error; With cash rent: - $700 to $749,Estimate; With cash rent: - $750 to $799,Margin of Error; With cash rent: - $750 to $799,Estimate; With cash rent: - $800 to $899,Margin of Error; With cash rent: - $800 to $899,Estimate; With cash rent: - $900 to $999,Margin of Error; With cash rent: - $900 to $999,"Estimate; With cash rent: - $1,000 to $1,249","Margin of Error; With cash rent: - $1,000 to $1,249","Estimate; With cash rent: - $1,250 to $1,499","Margin of Error; With cash rent: - $1,250 to $1,499","Estimate; With cash rent: - $1,500 to $1,999","Margin of Error; With cash rent: - $1,500 to $1,999","Estimate; With cash rent: - $2,000 to $2,499","Margin of Error; With cash rent: - $2,000 to $2,499","Estimate; With cash rent: - $2,500 to $2,999","Margin of Error; With cash rent: - $2,500 to $2,999","Estimate; With cash rent: - $3,000 to $3,499","Margin of Error; With cash rent: - $3,000 to $3,499","Estimate; With cash rent: - $3,500 or more","Margin of Error; With cash rent: - $3,500 or more",Estimate; No cash rent,Margin of Error; No cash rent
1400000US36061000100,36061000100,"Census Tract 1, New York County, New York",0,11,0,11,0,11,0,11,0,11,0,11,0,11,0,11,0,11,0,11,0,11,0,11,0,11,0,11,0,11,0,11,0,11,0,11,0,11,0,11,0,11,0,11,0,11,0,11,0,11,0,11,0,11
1400000US36061000201,36061000201,"Census Tract 2.01, New York County, New York",972,71,972,71,0,11,19,30,0,11,111,67,41,37,83,62,41,29,11,17,53,43,64,48,29,35,0,11,36,29,10,17,16,17,149,64,74,52,106,58,29,27,25,30,64,38,11,15,0,11,0,11,0,11
1400000US36061000202,36061000202,"Census Tract 2.02, New York County, New York",2649,197,2649,197,0,16,0,16,75,80,314,124,204,107,137,110,37,40,43,40,46,61,175,123,138,132,278,149,53,48,38,37,84,83,148,111,430,195,397,180,26,42,0,16,0,16,15,24,11,16,0,16,0,16
1400000US36061000500,36061000500,"Census Tract 5, New York County, New York",0,11,0,11,0,11,0,11,0,11,0,11,0,11,0,11,0,11,0,11,0,11,0,11,0,11,0,11,0,11,0,11,0,11,0,11,0,11,0,11,0,11,0,11,0,11,0,11,0,11,0,11,0,11
1400000US36061000600,36061000600,"Census Tract 6, New York County, New York",4113,194,4069,203,24,39,0,18,0,18,244,170,408,213,358,148,197,130,93,78,118,91,312,186,104,116,194,163,70,84,146,87,86,106,216,174,269,207,708,331,315,273,19,31,59,68,31,36,31,43,67,102,44,51
1400000US36061000700,36061000700,"Census Tract 7, New York County, New York",3665,347,3533,370,0,16,0,16,0,16,0,16,0,16,0,16,0,16,0,16,0,16,0,16,0,16,0,16,0,16,0,16,0,16,0,16,0,16,0,16,0,16,130,133,760,258,1226,274,997,290,420,170,132,148
1400000US36061000800,36061000800,"Census Tract 8, New York County, New York",3534,229,3519,232,0,16,36,59,21,37,67,78,84,66,78,77,69,51,40,39,13,19,34,55,24,28,159,98,136,98,189,111,138,97,525,176,506,243,733,204,358,163,197,92,77,64,15,25,20,34,0,16,15,23
1400000US36061000900,36061000900,"Census Tract 9, New York County, New York",676,92,653,93,0,11,0,11,0,11,0,11,0,11,0,11,0,11,0,11,0,11,0,11,0,11,0,11,7,12,0,11,0,11,0,11,0,11,1,3,0,11,36,22,38,21,32,22,119,45,420,74,23,26
1400000US36061001001,36061001001,"Census Tract 10.01, New York County, New York",174,67,174,67,0,11,4,6,0,11,0,11,0,11,0,11,0,11,0,11,0,11,0,11,0,11,0,11,13,21,5,7,14,17,35,33,22,27,3,7,38,41,35,40,5,8,0,11,0,11,0,11,0,11
1400000US36061001002,36061001002,"Census Tract 10.02, New York County, New York",2297,122,2266,127,0,16,21,36,70,70,261,135,231,128,345,203,222,136,176,111,92,81,137,124,17,29,157,137,93,81,50,48,50,41,60,63,133,126,42,39,76,73,33,40,0,16,0,16,0,16,0,16,31,38
1400000US36061001200,36061001200,"Census Tract 12, New York County, New York",1199,115,1156,123,0,11,5,11,31,48,49,36,38,33,110,77,28,27,52,47,51,57,86,65,7,12,42,34,21,23,43,50,11,17,0,11,49,33,147,89,79,72,70,39,115,71,95,69,13,15,14,17,43,55
1400000US36061001300,36061001300,"Census Tract 13, New York County, New York",2259,221,2234,220,0,11,11,17,0,11,0,11,0,11,0,11,0,11,0,11,0,11,0,11,0,11,0,11,0,11,0,11,21,36,0,11,0,11,0,11,0,11,31,23,527,161,832,203,473,149,339,123,25,29
1400000US36061001401,36061001401,"Census Tract 14.01, New York County, New York",389,105,379,105,0,11,0,11,0,11,0,11,0,11,0,11,0,11,7,12,0,11,9,14,77,68,19,30,0,11,12,18,19,20,18,19,0,11,20,13,0,11,29,46,9,14,100,73,17,18,43,50,10,15
1400000US36061001402,36061001402,"Census Tract 14.02, New York County, New York",1317,80,1306,83,0,11,0,11,27,32,142,64,48,33,85,43,74,48,14,16,13,16,30,32,24,23,43,36,42,35,34,33,27,33,59,45,57,37,106,68,85,69,133,48,122,64,115,46,8,14,18,28,11,17
1400000US36061001501,36061001501,"Census Tract 15.01, New York County, New York",2089,310,2040,308,0,16,0,16,25,39,41,47,69,104,15,23,51,54,54,51,38,46,68,83,21,32,110,82,49,55,42,35,48,44,162,122,92,68,122,125,50,53,37,44,127,87,208,123,312,124,299,122,49,55
1400000US36061001502,36061001502,"Census Tract 15.02, New York County, New York",2476,240,2438,234,0,16,0,16,0,16,0,16,0,16,9,15,0,16,0,16,0,16,0,16,0,16,0,16,0,16,0,16,0,16,21,32,0,16,0,16,6,10,138,97,288,124,642,205,767,182,567,185,38,62
1400000US36061001600,36061001600,"Census Tract 16, New York County, New York",2761,208,2701,221,0,16,0,16,29,42,92,81,53,54,63,50,142,102,70,87,102,100,85,98,37,58,0,16,32,39,19,29,139,84,271,145,234,98,515,189,156,97,207,132,235,153,40,47,121,96,59,57,60,48
1400000US36061001800,36061001800,"Census Tract 18, New York County, New York",2987,178,2966,181,0,16,45,41,3,12,93,83,41,47,86,71,184,131,88,76,34,54,64,61,47,49,99,84,62,63,42,48,120,94,189,127,139,79,192,91,294,156,343,139,449,169,206,135,85,82,61,54,21,26
1400000US36061002000,36061002000,"Census Tract 20, New York County, New York",1897,66,1897,66,0,11,23,35,22,23,365,109,226,91,116,72,126,75,239,109,120,77,59,45,48,48,158,68,69,40,19,21,104,58,29,27,78,55,71,60,15,18,10,15,0,11,0,11,0,11,0,11,0,11
1400000US36061002100,36061002100,"Census Tract 21, New York County, New York",1565,192,1535,189,0,16,0,16,0,16,0,16,0,16,0,16,0,16,0,16,0,16,0,16,0,16,61,60,15,24,0,16,17,28,43,41,17,28,0,16,0,16,118,65,14,23,161,77,298,109,791,161,30,32
1400000US36061002201,36061002201,"Census Tract 22.01, New York County, New York",2671,178,2603,185,0,16,39,63,0,16,91,79,83,63,189,122,40,38,13,23,114,97,107,95,0,16,59,69,161,113,105,80,36,36,166,103,218,108,489,139,239,114,154,86,52,47,102,79,25,31,121,67,68,96
1400000US36061002202,36061002202,"Census Tract 22.02, New York County, New York",938,86,930,86,0,11,0,11,0,11,0,11,9,16,18,16,0,11,0,11,0,11,0,11,0,11,0,11,0,11,7,11,11,19,0,11,39,33,92,51,27,26,219,75,110,47,191,85,50,30,157,78,8,12
1400000US36061002400,36061002400,"Census Tract 24, New York County, New York",2145,59,2126,61,0,16,7,11,41,49,291,130,124,77,35,38,73,55,176,123,147,104,38,35,78,108,365,130,48,46,15,16,51,62,41,43,122,95,111,89,18,29,37,40,52,43,80,66,68,50,108,91,19,29
1400000US36061002500,36061002500,"Census Tract 25, New York County, New York",1986,83,1986,83,7,10,24,29,57,50,344,148,253,90,215,90,130,66,111,74,38,34,129,105,90,63,94,64,31,28,43,52,61,41,132,114,56,56,102,66,13,20,31,42,25,40,0,16,0,16,0,16,0,16
1400000US36061002601,36061002601,"Census Tract 26.01, New York County, New York",1379,95,1354,96,0,11,0,11,0,11,95,63,57,46,30,35,70,58,41,47,50,31,53,41,24,33,10,14,14,20,40,36,15,19,137,76,75,49,181,80,62,37,146,65,98,69,49,40,23,27,84,57,25,39
1400000US36061002602,36061002602,"Census Tract 26.02, New York County, New York",1671,151,1657,152,0,11,0,11,67,78,87,83,88,82,15,23,25,29,16,25,0,11,12,19,14,22,42,47,0,11,18,30,122,102,135,101,99,96,94,94,47,27,241,124,101,83,206,107,92,73,136,75,14,22
1400000US36061002700,36061002700,"Census Tract 27, New York County, New York",259,58,252,58,0,11,0,11,0,11,0,11,0,11,8,9,26,30,5,7,0,11,15,24,0,11,0,11,0,11,12,15,4,7,8,13,43,40,45,34,30,22,49,35,7,9,0,11,0,11,0,11,7,12
1400000US36061002800,36061002800,"Census Tract 28, New York County, New York",3002,180,2949,187,0,16,0,16,64,71,103,82,112,95,278,172,70,51,181,118,89,93,49,69,102,93,32,36,76,59,37,45,71,67,162,102,134,70,486,177,130,75,343,166,183,107,146,79,59,51,42,42,53,74
1400000US36061002900,36061002900,"Census Tract 29, New York County, New York",1979,174,1874,180,17,27,16,27,35,40,130,89,0,16,51,48,30,36,64,58,62,78,65,51,20,33,86,63,33,39,101,79,18,27,160,106,302,130,160,83,147,121,170,86,170,132,19,29,0,16,18,28,105,76
1400000US36061003001,36061003001,"Census Tract 30.01, New York County, New York",2223,157,2207,158,0,11,14,23,18,28,0,11,0,11,17,26,0,11,0,11,0,11,14,23,0,11,0,11,0,11,15,23,23,28,63,47,151,79,169,86,38,46,627,167,524,166,304,144,99,75,131,85,16,25
1400000US36061003002,36061003002,"Census Tract 30.02, New York County, New York",1580,94,1564,95,9,14,0,11,10,15,80,56,33,27,8,12,41,31,68,61,43,48,26,42,24,22,0,11,35,25,56,35,23,22,80,46,47,28,212,95,112,82,171,62,224,87,78,48,86,54,98,69,16,17
1400000US36061003100,36061003100,"Census Tract 31, New York County, New York",520,71,515,72,0,11,0,11,0,11,0,11,0,11,0,11,0,11,0,11,0,11,14,21,0,11,4,6,5,8,12,13,5,8,10,13,22,17,13,14,37,26,26,28,54,30,127,56,130,50,56,31,5,7
1400000US36061003200,36061003200,"Census Tract 32, New York County, New York",3879,269,3863,266,0,16,0,16,0,16,0,16,0,16,0,16,0,16,33,42,17,27,76,93,20,34,96,102,171,124,79,66,84,110,233,108,237,144,563,211,179,122,673,211,654,238,279,142,235,130,234,175,16,27
1400000US36061003300,36061003300,"Census Tract 33, New York County, New York",1183,183,1157,177,0,16,0,16,0,16,0,16,0,16,0,16,0,16,0,16,0,16,0,16,0,16,0,16,0,16,49,55,67,80,65,50,10,17,27,45,0,16,0,16,56,67,54,50,335,130,494,142,26,31
1400000US36061003400,36061003400,"Census Tract 34, New York County, New York",3527,232,3527,232,44,64,0,16,0,16,46,56,0,16,20,27,19,28,71,78,0,16,44,55,90,79,21,35,97,80,92,87,0,16,227,119,10,17,219,114,279,116,666,212,871,242,482,218,56,49,173,101,0,16
1400000US36061003601,36061003601,"Census Tract 36.01, New York County, New York",1306,111,1289,112,0,11,10,16,33,26,51,47,99,59,38,43,32,27,62,49,35,36,54,40,36,36,17,19,9,14,53,47,30,35,45,37,107,63,35,35,85,49,122,61,97,60,68,46,75,40,96,53,17,18
1400000US36061003602,36061003602,"Census Tract 36.02, New York County, New York",1272,94,1272,94,0,11,7,11,10,16,7,12,0,11,0,11,9,13,69,68,17,17,0,11,39,35,19,25,18,15,59,49,54,50,117,52,50,37,90,44,91,72,175,84,206,69,58,42,31,25,146,66,0,11
1400000US36061003700,36061003700,"Census Tract 37, New York County, New York",753,103,703,104,0,11,0,11,11,18,13,18,0,11,0,11,0,11,0,11,0,11,0,11,0,11,0,11,27,28,0,11,11,15,33,28,0,11,66,44,5,7,124,63,146,66,130,76,55,54,82,41,50,34
1400000US36061003800,36061003800,"Census Tract 38, New York County, New York",4613,329,4613,329,0,16,0,16,0,16,80,104,29,48,0,16,0,16,0,16,77,75,160,135,224,228,116,109,26,42,76,83,0,16,95,76,240,170,150,106,467,225,1142,375,716,223,632,256,154,129,229,138,0,16
1400000US36061003900,36061003900,"Census Tract 39, New York County, New York",1668,246,1668,246,0,16,0,16,0,16,34,39,43,68,16,26,0,16,15,24,48,44,49,45,0,16,28,33,32,36,30,35,25,28,0,16,0,16,196,105,201,102,308,144,80,67,96,82,86,75,381,135,0,16
1400000US36061004000,36061004000,"Census Tract 40, New York County, New York",3852,308,3766,322,0,16,0,16,0,16,27,43,0,16,0,16,0,16,0,16,32,48,0,16,17,27,34,63,0,16,38,46,179,123,264,161,156,176,293,165,119,111,630,246,870,282,455,199,298,168,354,193,86,104
1400000US36061004100,36061004100,"Census Tract 41, New York County, New York",3016,216,2993,218,0,16,13,21,0,16,12,20,80,73,124,96,86,78,61,62,48,41,68,55,52,41,30,34,0,16,53,40,0,16,290,125,182,104,336,138,212,134,355,170,317,149,468,181,94,78,112,98,23,34
1400000US36061004200,36061004200,"Census Tract 42, New York County, New York",983,143,965,141,0,16,34,55,7,11,0,16,46,58,7,13,0,16,20,25,0,16,0,16,0,16,0,16,12,19,29,27,16,22,62,43,11,18,65,37,65,57,67,41,114,49,118,57,131,59,161,65,18,20
1400000US36061004300,36061004300,"Census Tract 43, New York County, New York",2015,180,2015,180,0,11,73,75,38,44,0,11,6,11,0,11,16,27,13,22,12,18,45,46,58,40,109,72,0,11,30,48,8,19,121,107,106,81,136,90,85,62,245,131,186,94,289,150,249,108,190,91,0,11
1400000US36061004400,36061004400,"Census Tract 44, New York County, New York",7945,341,7945,341,0,18,0,18,0,18,0,18,0,18,0,18,0,18,0,18,0,18,0,18,0,18,0,18,0,18,47,76,0,18,0,18,0,18,794,329,1467,446,2493,512,835,330,577,287,1062,383,670,290,0,18
1400000US36061004500,36061004500,"Census Tract 45, New York County, New York",235,74,220,74,0,11,5,8,6,9,0,11,5,8,0,11,0,11,10,15,0,11,0,11,0,11,0,11,3,5,0,11,0,11,11,12,14,15,64,40,0,11,47,47,11,12,28,19,0,11,16,18,15,15
1400000US36061004700,36061004700,"Census Tract 47, New York County, New York",916,133,916,133,0,11,0,11,11,16,10,15,0,11,9,13,40,42,16,24,0,11,0,11,31,29,0,11,38,36,10,17,21,22,26,22,39,31,98,48,56,46,70,49,163,92,131,77,139,82,8,13,0,11
1400000US36061004800,36061004800,"Census Tract 48, New York County, New York",2041,246,1970,240,0,16,0,16,0,16,11,20,0,16,0,16,0,16,0,16,0,16,0,16,16,27,0,16,74,92,21,34,12,19,18,27,62,46,275,140,223,92,332,118,392,145,233,109,81,55,220,126,71,87
1400000US36061004900,36061004900,"Census Tract 49, New York County, New York",1914,189,1914,189,0,11,26,42,0,11,13,21,49,78,11,18,26,31,10,16,29,32,0,11,10,19,0,11,0,11,0,11,0,11,18,28,59,53,150,77,98,50,368,130,428,146,318,134,248,113,53,65,0,11
1400000US36061005000,36061005000,"Census Tract 50, New York County, New York",1704,183,1645,184,0,11,0,11,0,11,0,11,0,11,0,11,0,11,0,11,0,11,0,11,0,11,0,11,0,11,14,21,0,11,16,27,36,42,78,69,193,96,269,106,224,95,267,152,332,131,216,122,59,48
1400000US36061005200,36061005200,"Census Tract 52, New York County, New York",731,126,710,122,0,11,0,11,0,11,0,11,0,11,0,11,0,11,8,12,0,11,0,11,0,11,0,11,0,11,0,11,0,11,0,11,0,11,108,56,77,44,51,45,51,29,250,90,97,64,68,49,21,35
1400000US36061005400,36061005400,"Census Tract 54, New York County, New York",1163,206,1149,207,0,11,0,11,0,11,0,11,0,11,0,11,0,11,33,38,23,39,0,11,0,11,13,20,0,11,14,23,0,11,40,47,50,79,14,22,99,83,53,42,192,105,300,122,157,109,161,74,14,22
1400000US36061005501,36061005501,"Census Tract 55.01, New York County, New York",1724,218,1708,219,0,11,0,11,0,11,0,11,0,11,0,11,0,11,0,11,0,11,0,11,0,11,0,11,0,11,0,11,0,11,13,21,17,27,206,116,293,143,278,117,523,148,319,120,43,39,16,25,16,26
1400000US36061005502,36061005502,"Census Tract 55.02, New York County, New York",769,105,769,105,6,10,10,16,10,16,0,11,13,19,0,11,0,11,6,9,0,11,0,11,12,18,12,19,12,19,0,11,11,18,19,29,17,20,91,63,34,29,20,23,157,80,91,65,114,46,134,57,0,11
1400000US36061005600,36061005600,"Census Tract 56, New York County, New York",1137,189,1121,192,0,11,0,11,14,22,13,21,68,51,59,49,42,66,0,11,15,24,0,11,30,35,10,16,15,24,0,11,0,11,49,79,0,11,31,34,59,77,50,65,105,80,94,62,131,89,336,126,16,25
1400000US36061005700,36061005700,"Census Tract 57, New York County, New York",961,127,922,128,0,11,0,11,0,11,0,11,11,17,0,11,10,15,0,11,0,11,0,11,0,11,0,11,0,11,0,11,0,11,0,11,0,11,0,11,11,16,80,46,128,79,67,44,223,110,392,98,39,36
1400000US36061005800,36061005800,"Census Tract 58, New York County, New York",1866,151,1846,148,0,11,0,11,0,11,0,11,0,11,0,11,0,11,0,11,0,11,0,11,7,17,20,32,33,37,13,22,33,33,23,36,54,51,0,11,80,61,188,135,85,92,433,147,296,133,581,176,20,31
1400000US36061005900,36061005900,"Census Tract 59, New York County, New York",1195,188,1152,192,0,16,0,16,0,16,0,16,10,17,15,24,0,16,0,16,0,16,0,16,0,16,0,16,16,28,18,29,37,41,15,26,51,63,161,83,78,58,238,123,272,115,153,116,39,38,49,57,43,36
1400000US36061006000,36061006000,"Census Tract 60, New York County, New York",2334,111,2324,115,0,16,13,20,0,16,0,16,0,16,0,16,0,16,0,16,0,16,0,16,0,16,0,16,0,16,13,20,0,16,0,16,0,16,195,86,177,91,525,137,355,139,205,121,563,193,278,122,10,16
1400000US36061006100,36061006100,"Census Tract 61, New York County, New York",1214,164,1214,164,0,16,0,16,0,16,0,16,0,16,0,16,0,16,0,16,0,16,0,16,0,16,0,16,41,64,0,16,17,25,0,16,34,41,90,86,43,43,47,45,180,106,356,105,168,98,238,100,0,16
1400000US36061006200,36061006200,"Census Tract 62, New York County, New York",1295,80,1286,79,0,11,0,11,0,11,7,11,22,35,0,11,6,9,7,11,0,11,0,11,0,11,0,11,0,11,8,14,0,11,18,21,12,15,61,50,95,64,230,72,262,89,169,77,188,81,201,65,9,16
1400000US36061006300,36061006300,"Census Tract 63, New York County, New York",2322,276,2293,282,0,16,15,23,0,16,0,16,15,25,29,33,0,16,0,16,0,16,0,16,17,29,28,22,0,16,0,16,36,38,62,78,93,64,130,77,184,107,222,102,762,235,199,125,249,136,252,125,29,35
1400000US36061006400,36061006400,"Census Tract 64, New York County, New York",3372,322,3329,325,0,16,0,16,0,16,50,58,0,16,21,35,0,16,0,16,21,35,0,16,0,16,21,33,0,16,21,35,27,45,47,73,113,111,285,181,431,203,191,112,1024,298,350,135,480,232,247,121,43,59
1400000US36061006500,36061006500,"Census Tract 65, New York County, New York",2760,235,2721,240,0,16,0,16,16,27,0,16,0,16,0,16,0,16,0,16,31,50,0,16,0,16,32,49,36,41,67,67,31,44,46,55,148,103,85,57,242,136,500,151,633,183,458,152,193,119,203,96,39,44
1400000US36061006600,36061006600,"Census Tract 66, New York County, New York",4448,549,4448,549,47,79,109,125,91,79,430,345,134,177,246,187,97,116,0,18,0,18,43,78,47,74,56,92,0,18,240,268,0,18,34,79,288,285,552,266,117,106,600,199,469,215,592,393,228,157,28,45,0,18
1400000US36061006700,36061006700,"Census Tract 67, New York County, New York",2455,268,2411,271,0,16,0,16,0,16,0,16,0,16,0,16,0,16,0,16,0,16,0,16,16,26,80,87,80,74,18,30,30,34,44,43,129,122,68,51,38,35,342,162,728,197,429,174,267,87,142,94,44,67
1400000US36061006800,36061006800,"Census Tract 68, New York County, New York",2608,292,2554,295,16,27,0,16,0,16,91,104,58,68,175,149,36,50,0,16,97,91,0,16,0,16,0,16,0,16,0,16,0,16,0,16,55,65,279,198,124,98,266,138,427,233,547,241,278,119,105,91,54,82
1400000US36061006900,36061006900,"Census Tract 69, New York County, New York",785,111,785,111,0,11,0,11,0,11,0,11,0,11,0,11,0,11,0,11,0,11,0,11,0,11,0,11,0,11,0,11,0,11,9,15,35,38,98,73,47,35,0,11,0,11,14,16,201,76,381,88,0,11
1400000US36061007000,36061007000,"Census Tract 70, New York County, New York",3765,447,3693,415,0,16,0,16,0,16,23,39,0,16,0,16,0,16,0,16,0,16,0,16,29,49,29,44,27,42,0,16,31,50,53,61,156,111,218,124,92,92,777,267,639,268,397,153,557,235,665,261,72,119
1400000US36061007100,36061007100,"Census Tract 71, New York County, New York",2364,233,2364,233,0,16,0,16,0,16,0,16,14,21,28,33,0,16,0,16,18,27,90,89,24,27,0,16,0,16,15,23,0,16,81,85,111,80,147,98,169,99,355,130,271,114,297,152,324,134,420,140,0,16
1400000US36061007200,36061007200,"Census Tract 72, New York County, New York",2937,372,2882,372,0,16,0,16,0,16,0,16,0,16,0,16,0,16,0,16,0,16,0,16,0,16,0,16,0,16,27,44,0,16,64,101,0,16,159,106,149,166,392,217,677,234,331,196,624,266,459,185,55,64
1400000US36061007300,36061007300,"Census Tract 73, New York County, New York",2724,385,2673,383,0,16,0,16,0,16,0,16,0,16,0,16,26,41,24,40,0,16,0,16,0,16,23,37,0,16,24,39,21,35,177,142,65,59,326,156,191,105,509,201,224,158,411,222,449,197,203,110,51,61
1400000US36061007400,36061007400,"Census Tract 74, New York County, New York",1506,212,1476,212,0,11,0,11,0,11,0,11,22,35,0,11,15,25,0,11,0,11,21,36,0,11,0,11,51,61,0,11,0,11,16,31,0,11,0,11,71,52,131,113,342,159,238,109,157,105,412,145,30,35
1400000US36061007500,36061007500,"Census Tract 75, New York County, New York",1378,203,1307,200,0,11,0,11,0,11,0,11,0,11,0,11,0,11,0,11,0,11,0,11,0,11,13,22,0,11,63,100,0,11,43,49,46,51,103,109,133,73,296,162,138,89,189,95,168,90,115,101,71,113
1400000US36061007600,36061007600,"Census Tract 76, New York County, New York",874,108,860,109,0,11,0,11,0,11,10,17,7,12,0,11,0,11,0,11,14,23,0,11,7,12,32,23,10,15,10,15,11,17,15,16,12,15,0,11,55,38,34,27,119,66,239,80,206,82,79,38,14,21
1400000US36061007700,36061007700,"Census Tract 77, New York County, New York",2553,302,2508,307,0,16,0,16,0,16,0,16,0,16,0,16,16,25,0,16,0,16,0,16,0,16,0,16,23,35,0,16,0,16,27,41,80,66,116,91,149,103,551,173,589,202,406,216,338,177,213,133,45,53
1400000US36061007800,36061007800,"Census Tract 78, New York County, New York",2981,414,2960,411,0,16,0,16,0,16,42,50,100,143,46,78,0,16,0,16,36,58,0,16,0,16,103,122,18,30,0,16,0,16,110,107,8,12,201,117,58,57,230,137,818,321,436,237,364,132,390,156,21,33
1400000US36061007900,36061007900,"Census Tract 79, New York County, New York",1704,219,1591,200,0,11,0,11,0,11,0,11,0,11,27,31,0,11,19,29,0,11,0,11,17,27,0,11,13,21,36,41,98,76,34,38,150,117,277,110,30,35,47,56,113,72,139,77,264,134,327,133,113,93
1400000US36061008000,36061008000,"Census Tract 80, New York County, New York",1590,232,1548,225,0,16,0,16,0,16,0,16,0,16,0,16,0,16,0,16,16,26,0,16,17,27,0,16,0,16,70,94,29,33,0,16,46,45,120,84,28,32,276,102,416,136,273,132,180,81,77,63,42,41
1400000US36061008100,36061008100,"Census Tract 81, New York County, New York",3204,408,3058,403,0,16,0,16,0,16,27,44,0,16,0,16,0,16,24,38,0,16,48,58,34,43,38,43,61,56,65,62,50,57,248,173,132,96,589,264,132,88,534,215,356,173,348,155,306,205,66,66,146,117
1400000US36061008200,36061008200,"Census Tract 82, New York County, New York",994,189,914,190,0,11,0,11,0,11,0,11,0,11,0,11,0,11,0,11,0,11,0,11,0,11,0,11,0,11,0,11,0,11,53,42,2,31,47,56,17,28,68,60,201,94,187,113,187,134,152,101,80,52
1400000US36061008300,36061008300,"Census Tract 83, New York County, New York",1701,175,1701,175,0,11,0,11,0,11,59,55,92,86,103,87,101,93,35,54,55,49,22,37,31,36,31,35,43,41,17,27,0,11,176,106,128,84,55,44,77,59,138,91,181,106,159,105,112,86,86,70,0,11
1400000US36061008400,36061008400,"Census Tract 84, New York County, New York",827,119,823,119,0,11,0,11,0,11,0,11,0,11,0,11,0,11,0,11,0,11,0,11,7,11,50,56,0,11,0,11,8,12,23,22,11,14,64,81,9,15,17,16,26,27,119,64,349,106,140,54,4,7
1400000US36061008601,36061008601,"Census Tract 86.01, New York County, New York",999,136,985,137,0,11,0,11,0,11,0,11,0,11,0,11,0,11,0,11,0,11,0,11,0,11,0,11,0,11,0,11,0,11,0,11,0,11,18,24,0,11,33,34,30,39,160,77,429,116,315,119,14,16
1400000US36061008602,36061008602,"Census Tract 86.02, New York County, New York",0,11,0,11,0,11,0,11,0,11,0,11,0,11,0,11,0,11,0,11,0,11,0,11,0,11,0,11,0,11,0,11,0,11,0,11,0,11,0,11,0,11,0,11,0,11,0,11,0,11,0,11,0,11
1400000US36061008603,36061008603,"Census Tract 86.03, New York County, New York",819,158,801,154,0,11,0,11,0,11,0,11,0,11,0,11,0,11,32,39,0,11,0,11,0,11,0,11,0,11,0,11,0,11,0,11,38,43,36,42,19,31,112,70,114,73,250,95,152,76,48,46,18,29
1400000US36061008700,36061008700,"Census Tract 87, New York County, New York",2770,329,2770,329,0,16,0,16,17,27,50,78,0,16,0,16,0,16,33,47,0,16,27,44,0,16,44,49,41,49,22,36,44,53,24,39,32,50,231,169,156,113,301,184,746,275,430,225,396,237,176,99,0,16
1400000US36061008800,36061008800,"Census Tract 88, New York County, New York",2396,344,2378,344,0,16,0,16,0,16,0,16,0,16,0,16,0,16,0,16,0,16,0,16,0,16,0,16,0,16,0,16,54,64,30,49,26,42,166,113,235,131,685,236,496,201,102,100,479,263,105,90,18,32
1400000US36061008900,36061008900,"Census Tract 89, New York County, New York",2091,258,2009,255,0,16,0,16,0,16,99,61,4,14,14,23,45,45,18,26,41,46,14,22,0,16,53,64,25,28,23,36,28,31,52,46,73,57,211,108,125,113,307,143,317,196,198,114,149,95,213,104,82,63
1400000US36061009000,36061009000,"Census Tract 90, New York County, New York",3035,321,3007,321,0,16,0,16,27,43,0,16,16,29,0,16,32,50,0,16,0,16,33,53,0,16,0,16,29,47,0,16,0,16,0,16,33,42,123,122,182,127,523,186,663,193,429,199,547,240,370,197,28,45
1400000US36061009100,36061009100,"Census Tract 91, New York County, New York",3089,243,3063,240,43,51,0,16,34,57,116,123,0,16,0,16,0,16,109,95,16,29,75,87,41,48,36,57,0,16,14,23,30,35,124,112,45,50,365,168,109,99,382,166,613,268,424,270,175,104,312,148,26,42
1400000US36061009200,36061009200,"Census Tract 92, New York County, New York",1033,90,1033,90,0,11,0,11,0,11,0,11,0,11,9,13,0,11,0,11,8,13,9,16,0,11,0,11,0,11,32,23,23,25,27,25,0,11,23,23,47,26,152,65,92,49,255,86,189,73,167,77,0,11
1400000US36061009300,36061009300,"Census Tract 93, New York County, New York",2885,428,2826,428,0,18,125,125,0,18,76,83,79,109,0,18,0,18,47,65,0,18,0,18,229,244,73,85,74,90,23,39,99,94,21,39,0,18,264,200,249,190,503,216,134,97,300,175,73,66,457,205,59,56
1400000US36061009400,36061009400,"Census Tract 94, New York County, New York",11,10,11,10,0,11,0,11,0,11,0,11,0,11,0,11,0,11,0,11,0,11,0,11,0,11,0,11,0,11,0,11,4,6,0,11,0,11,0,11,0,11,0,11,7,8,0,11,0,11,0,11,0,11
1400000US36061009500,36061009500,"Census Tract 95, New York County, New York",753,117,728,112,0,11,0,11,9,15,0,11,0,11,0,11,10,16,0,11,0,11,10,17,0,11,12,18,0,11,0,11,9,13,13,16,9,14,68,51,55,42,123,54,82,64,24,20,70,38,234,81,25,39
1400000US36061009600,36061009600,"Census Tract 96, New York County, New York",97,39,85,34,0,11,0,11,0,11,0,11,0,11,0,11,0,11,0,11,0,11,0,11,0,11,0,11,0,11,0,11,0,11,0,11,0,11,0,11,21,16,23,19,25,20,0,11,0,11,16,15,12,19
1400000US36061009700,36061009700,"Census Tract 97, New York County, New York",1709,193,1709,193,16,27,0,16,0,16,128,95,93,94,19,31,0,16,66,60,15,24,86,66,40,47,37,43,10,15,125,84,186,103,112,68,118,72,132,68,69,60,163,103,157,108,54,78,83,87,0,16,0,16
1400000US36061009800,36061009800,"Census Tract 98, New York County, New York",2628,331,2587,330,0,16,0,16,28,47,0,16,0,16,36,57,0,16,0,16,0,16,0,16,0,16,0,16,0,16,0,16,0,16,200,139,53,69,128,135,0,16,785,291,417,225,265,199,646,275,29,47,41,66
1400000US36061009900,36061009900,"Census Tract 99, New York County, New York",2563,182,2555,181,0,11,0,11,0,11,0,11,0,11,0,11,0,11,0,11,0,11,11,17,9,15,38,47,84,42,73,40,52,30,120,48,66,53,94,55,7,12,111,60,230,91,477,123,326,106,857,177,8,13
1400000US36061010000,36061010000,"Census Tract 100, New York County, New York",886,117,871,122,0,11,0,11,0,11,0,11,0,11,0,11,0,11,0,11,11,17,0,11,17,19,8,12,0,11,7,17,0,11,15,23,0,11,26,33,46,50,178,87,163,70,82,51,219,93,99,51,15,12
1400000US36061010100,36061010100,"Census Tract 101, New York County, New York",752,68,748,69,0,11,0,11,0,11,4,7,4,8,3,5,0,11,0,11,0,11,21,17,6,8,11,11,35,22,32,24,21,16,0,11,1,4,19,17,10,12,32,16,14,15,72,34,123,36,340,64,4,7
1400000US36061010200,36061010200,"Census Tract 102, New York County, New York",86,59,86,59,0,11,0,11,0,11,0,11,0,11,0,11,0,11,0,11,0,11,0,11,0,11,0,11,0,11,0,11,0,11,0,11,0,11,0,11,0,11,0,11,18,23,16,27,0,11,52,57,0,11
1400000US36061010300,36061010300,"Census Tract 103, New York County, New York",1021,102,1021,102,0,11,0,11,0,11,9,14,8,11,0,11,0,11,2,7,0,11,0,11,9,14,13,20,0,11,23,25,0,11,57,55,14,15,49,46,18,29,103,44,226,84,186,74,183,86,121,58,0,11
1400000US36061010400,36061010400,"Census Tract 104, New York County, New York",347,64,339,62,0,11,0,11,5,7,0,11,0,11,0,11,0,11,0,11,0,11,0,11,7,9,5,8,4,6,5,7,0,11,0,11,10,10,12,12,54,33,36,21,57,27,67,50,70,46,7,10,8,8
1400000US36061010601,36061010601,"Census Tract 106.01, New York County, New York",1548,323,1478,332,0,16,0,16,0,16,0,16,0,16,0,16,0,16,0,16,0,16,0,16,0,16,0,16,0,16,0,16,0,16,51,59,49,56,85,81,23,38,238,165,398,215,290,197,283,172,61,74,70,65
1400000US36061010602,36061010602,"Census Tract 106.02, New York County, New York",1706,207,1665,210,0,11,0,11,0,11,0,11,0,11,13,21,0,11,0,11,0,11,0,11,0,11,0,11,8,14,13,20,0,11,25,32,14,21,47,75,119,78,279,122,400,158,301,115,223,124,223,106,41,38
1400000US36061010800,36061010800,"Census Tract 108, New York County, New York",2814,372,2745,369,0,16,0,16,0,16,25,40,0,16,0,16,0,16,0,16,0,16,26,42,19,31,27,44,0,16,0,16,0,16,47,53,0,16,160,153,271,157,620,209,452,177,579,233,222,159,297,138,69,65
1400000US36061010900,36061010900,"Census Tract 109, New York County, New York",61,26,54,24,0,11,0,11,0,11,0,11,0,11,0,11,0,11,0,11,0,11,0,11,0,11,0,11,0,11,0,11,0,11,0,11,0,11,0,11,0,11,0,11,17,12,7,8,30,22,0,11,7,11
1400000US36061011000,36061011000,"Census Tract 110, New York County, New York",3394,371,3336,369,31,50,62,53,0,16,0,16,17,28,0,16,0,16,0,16,0,16,0,16,0,16,19,31,0,16,0,16,0,16,58,66,219,191,138,115,196,121,973,299,599,225,486,184,398,203,140,98,58,68
1400000US36061011100,36061011100,"Census Tract 111, New York County, New York",2190,198,2137,193,0,11,0,11,0,11,56,40,0,11,48,67,0,11,18,29,0,11,0,11,55,43,0,11,104,80,15,24,110,79,106,63,27,30,83,46,25,30,254,93,215,105,362,117,311,141,348,124,53,61
1400000US36061011201,36061011201,"Census Tract 112.01, New York County, New York",453,52,441,54,0,11,0,11,0,11,7,10,0,11,0,11,0,11,0,11,0,11,0,11,0,11,0,11,0,11,0,11,0,11,0,11,4,7,36,21,21,14,35,20,135,43,55,34,36,21,112,47,12,11
1400000US36061011202,36061011202,"Census Tract 112.02, New York County, New York",63,33,63,33,0,11,0,11,0,11,0,11,0,11,0,11,0,11,0,11,0,11,0,11,0,11,0,11,0,11,0,11,0,11,0,11,0,11,5,7,0,11,0,11,13,22,26,26,8,13,11,19,0,11
1400000US36061011203,36061011203,"Census Tract 112.03, New York County, New York",395,69,395,69,0,11,0,11,0,11,0,11,5,9,0,11,0,11,0,11,0,11,0,11,0,11,0,11,13,21,6,10,0,11,0,11,6,9,7,9,14,15,21,16,40,31,77,32,104,50,102,52,0,11
1400000US36061011300,36061011300,"Census Tract 113, New York County, New York",39,16,39,16,0,11,0,11,0,11,0,11,0,11,0,11,0,11,0,11,4,6,0,11,0,11,0,11,0,11,0,11,0,11,0,11,0,11,0,11,0,11,9,9,0,11,14,11,7,8,5,9,0,11
1400000US36061011401,36061011401,"Census Tract 114.01, New York County, New York",307,84,307,84,0,11,0,11,0,11,0,11,0,11,0,11,0,11,0,11,0,11,0,11,0,11,0,11,0,11,25,29,0,11,0,11,0,11,28,20,15,17,74,47,27,21,35,30,42,34,61,29,0,11
1400000US36061011402,36061011402,"Census Tract 114.02, New York County, New York",430,92,430,92,0,11,0,11,0,11,0,11,0,11,0,11,11,16,0,11,0,11,0,11,0,11,0,11,0,11,19,21,28,44,0,11,9,14,17,17,23,22,96,49,132,54,9,16,35,32,51,30,0,11
1400000US36061011500,36061011500,"Census Tract 115, New York County, New York",1225,129,1194,131,0,11,0,11,0,11,0,11,0,11,37,33,0,11,0,11,9,15,0,11,47,41,68,44,18,22,30,26,33,39,24,22,59,40,55,35,52,35,105,57,107,50,102,54,196,67,252,86,31,42
1400000US36061011600,36061011600,"Census Tract 116, New York County, New York",1474,232,1413,225,0,11,0,11,0,11,0,11,0,11,0,11,0,11,0,11,0,11,0,11,0,11,0,11,19,31,37,43,30,37,54,48,105,70,322,139,162,92,321,121,216,99,56,54,22,39,69,83,61,99
1400000US36061011700,36061011700,"Census Tract 117, New York County, New York",2363,248,2363,248,0,11,0,11,0,11,0,11,0,11,0,11,0,11,0,11,0,11,15,25,45,50,15,23,76,61,60,52,18,28,92,79,97,74,231,130,59,63,38,30,90,57,455,184,592,196,480,221,0,11
1400000US36061011800,36061011800,"Census Tract 118, New York County, New York",3591,366,3500,361,0,16,34,56,0,16,0,16,0,16,0,16,0,16,0,16,0,16,0,16,30,51,0,16,0,16,19,31,0,16,57,70,0,16,297,145,211,117,703,195,722,292,437,182,460,214,530,217,91,97
1400000US36061011900,36061011900,"Census Tract 119, New York County, New York",1036,59,1036,59,8,13,9,14,33,40,269,92,132,62,105,60,13,2,0,11,0,11,26,24,8,13,34,34,41,35,108,46,67,39,49,44,24,40,17,18,37,43,39,15,17,19,0,11,0,11,0,11,0,11
1400000US36061012000,36061012000,"Census Tract 120, New York County, New York",510,153,498,153,0,11,0,11,0,11,0,11,0,11,0,11,0,11,0,11,0,11,12,19,0,11,0,11,0,11,22,36,0,11,13,21,0,11,8,12,18,27,75,72,135,98,43,38,28,45,144,88,12,20
1400000US36061012100,36061012100,"Census Tract 121, New York County, New York",4658,385,4642,386,0,16,0,16,0,16,152,121,164,145,125,83,52,59,51,59,65,62,178,122,23,37,146,127,136,91,40,65,88,85,193,135,271,162,428,210,253,166,649,265,958,260,342,154,161,102,167,119,16,25
1400000US36061012200,36061012200,"Census Tract 122, New York County, New York",617,171,578,167,0,11,0,11,0,11,0,11,0,11,0,11,0,11,0,11,0,11,0,11,0,11,0,11,0,11,0,11,0,11,0,11,0,11,0,11,41,37,114,75,114,72,138,98,133,101,38,31,39,34
1400000US36061012400,36061012400,"Census Tract 124, New York County, New York",4038,391,4038,391,0,18,0,18,0,18,35,58,0,18,0,18,0,18,57,63,0,18,0,18,85,101,0,18,90,109,0,18,0,18,24,40,97,93,220,124,231,130,965,239,731,303,661,243,597,248,245,132,0,18
1400000US36061012500,36061012500,"Census Tract 125, New York County, New York",1363,159,1350,162,0,11,0,11,0,11,8,14,48,37,6,9,7,11,0,11,9,14,8,13,6,9,17,27,6,10,44,31,50,35,36,36,16,20,12,14,10,15,21,23,69,52,160,72,157,74,660,144,13,19
1400000US36061012600,36061012600,"Census Tract 126, New York County, New York",4673,661,4431,681,0,18,0,18,0,18,112,159,0,18,0,18,0,18,0,18,0,18,0,18,0,18,0,18,0,18,0,18,0,18,37,62,109,130,524,309,600,312,1226,389,574,332,514,266,187,140,548,325,242,172
1400000US36061012700,36061012700,"Census Tract 127, New York County, New York",3281,315,3137,304,0,16,0,16,0,16,25,45,0,16,32,49,0,16,0,16,28,49,0,16,0,16,27,45,39,44,23,38,113,88,106,127,16,33,110,86,364,245,1013,361,455,178,484,220,157,90,145,124,144,114
1400000US36061012800,36061012800,"Census Tract 128, New York County, New York",778,193,685,188,0,16,0,16,0,16,0,16,16,25,0,16,0,16,0,16,0,16,0,16,0,16,0,16,0,16,0,16,16,26,0,16,0,16,72,74,0,16,196,129,284,137,46,42,16,28,39,35,93,93
1400000US36061012900,36061012900,"Census Tract 129, New York County, New York",2403,234,2349,226,0,16,0,16,0,16,0,16,0,16,0,16,28,37,0,16,69,70,15,24,0,16,54,65,69,76,50,45,7,12,47,47,49,44,115,53,98,87,337,117,404,172,284,138,425,156,298,121,54,51
1400000US36061013000,36061013000,"Census Tract 130, New York County, New York",568,140,517,131,10,16,0,11,0,11,0,11,0,11,0,11,0,11,0,11,0,11,0,11,0,11,11,19,0,11,0,11,0,11,40,38,15,25,69,45,47,44,199,81,16,28,15,24,46,45,49,66,51,51
1400000US36061013100,36061013100,"Census Tract 131, New York County, New York",1569,121,1557,121,0,11,0,11,50,49,144,63,60,56,35,35,8,12,20,24,12,19,0,11,0,11,0,11,0,11,0,11,15,17,43,35,0,11,71,46,49,38,88,45,124,61,364,101,181,68,293,76,12,20
1400000US36061013200,36061013200,"Census Tract 132, New York County, New York",4691,491,4531,500,0,18,0,18,19,37,0,18,0,18,38,68,0,18,58,94,0,18,0,18,113,145,90,149,47,77,0,18,0,18,40,70,0,18,187,187,565,331,1443,439,1136,373,402,245,309,217,84,102,160,145
1400000US36061013300,36061013300,"Census Tract 133, New York County, New York",2540,231,2511,225,0,11,0,11,0,11,123,86,49,58,16,27,37,59,33,38,8,15,8,12,0,11,30,33,26,39,16,26,45,46,96,68,89,74,56,42,166,83,407,144,456,156,305,162,368,118,177,87,29,32
1400000US36061013400,36061013400,"Census Tract 134, New York County, New York",4422,510,4205,554,0,18,0,18,0,18,0,18,0,18,0,18,0,18,61,97,0,18,0,18,72,96,44,71,0,18,43,71,101,111,360,314,179,219,177,143,395,185,1159,373,684,314,394,288,486,242,50,82,217,278
1400000US36061013500,36061013500,"Census Tract 135, New York County, New York",3676,233,3591,239,32,52,12,19,51,36,119,59,122,76,92,75,79,60,70,63,91,80,72,66,95,77,101,71,49,55,135,96,136,70,257,128,63,50,200,89,100,55,151,109,188,124,281,114,421,147,674,171,85,74
1400000US36061013600,36061013600,"Census Tract 136, New York County, New York",6282,595,6140,573,0,18,0,18,0,18,0,18,0,18,0,18,0,18,41,66,103,119,0,18,0,18,129,194,0,18,52,85,0,18,0,18,110,125,322,190,570,326,1648,465,1194,355,807,386,611,397,553,314,142,131
1400000US36061013700,36061013700,"Census Tract 137, New York County, New York",2539,344,2494,343,0,16,23,38,0,16,69,67,0,16,0,16,0,16,0,16,0,16,0,16,0,16,0,16,0,16,0,16,0,16,24,39,32,52,54,62,54,61,411,189,289,175,425,191,883,263,230,127,45,53
1400000US36061013800,36061013800,"Census Tract 138, New York County, New York",5092,451,4978,480,50,91,0,18,0,18,0,18,0,18,0,18,46,76,0,18,40,65,0,18,0,18,0,18,96,113,110,174,0,18,237,169,108,139,115,118,0,18,1204,435,1543,429,283,218,476,354,670,425,114,144
1400000US36061013900,36061013900,"Census Tract 139, New York County, New York",3995,650,3938,638,0,16,0,16,0,16,0,16,45,72,0,16,46,76,0,16,0,16,41,69,81,101,36,62,33,56,0,16,0,16,64,76,134,139,623,397,159,124,707,385,695,331,914,381,281,256,79,99,57,83
1400000US36061014000,36061014000,"Census Tract 140, New York County, New York",1893,210,1780,220,0,16,0,16,0,16,0,16,49,81,0,16,0,16,0,16,0,16,0,16,32,36,0,16,16,24,48,72,31,35,54,48,33,35,104,56,41,40,340,132,368,146,394,140,116,74,154,103,113,90
1400000US36061014200,36061014200,"Census Tract 142, New York County, New York",741,154,676,143,0,11,0,11,0,11,0,11,0,11,16,26,9,15,0,11,0,11,16,24,0,11,13,22,16,26,0,11,0,11,0,11,0,11,82,72,38,42,244,133,16,26,123,98,74,50,29,34,65,90
1400000US36061014300,36061014300,"Census Tract 143, New York County, New York",0,11,0,11,0,11,0,11,0,11,0,11,0,11,0,11,0,11,0,11,0,11,0,11,0,11,0,11,0,11,0,11,0,11,0,11,0,11,0,11,0,11,0,11,0,11,0,11,0,11,0,11,0,11
1400000US36061014401,36061014401,"Census Tract 144.01, New York County, New York",1446,192,1398,195,0,16,15,25,8,13,0,16,16,25,87,100,0,16,0,16,0,16,0,16,19,30,0,16,0,16,14,23,0,16,42,42,0,16,44,41,101,63,258,124,235,107,315,141,89,63,155,88,48,49
1400000US36061014402,36061014402,"Census Tract 144.02, New York County, New York",2831,227,2759,234,0,16,0,16,0,16,20,31,0,16,0,16,0,16,16,25,9,15,0,16,0,16,0,16,20,31,17,26,0,16,107,100,17,28,135,105,137,89,774,203,581,158,458,172,356,162,112,71,72,72
1400000US36061014500,36061014500,"Census Tract 145, New York County, New York",1732,181,1701,184,0,16,0,16,0,16,0,16,0,16,0,16,0,16,38,62,0,16,25,29,17,26,15,26,30,35,0,16,0,16,29,33,7,18,83,56,36,32,30,32,67,49,118,67,532,172,674,164,31,35
1400000US36061014601,36061014601,"Census Tract 146.01, New York County, New York",2327,183,2270,186,0,11,0,11,0,11,0,11,0,11,0,11,0,11,15,24,30,46,0,11,0,11,29,45,0,11,55,81,0,11,17,30,0,11,70,50,41,40,762,213,506,160,403,164,194,110,148,79,57,50
1400000US36061014602,36061014602,"Census Tract 146.02, New York County, New York",3452,288,3452,288,0,16,0,16,0,16,0,16,0,16,0,16,0,16,0,16,0,16,0,16,45,50,32,54,21,35,49,77,0,16,182,156,23,39,174,154,214,122,811,231,518,174,794,249,540,161,49,55,0,16
1400000US36061014700,36061014700,"Census Tract 147, New York County, New York",1278,145,1238,158,0,11,0,11,0,11,0,11,0,11,0,11,0,11,0,11,0,11,0,11,0,11,0,11,0,11,9,15,3,6,0,11,9,15,79,59,154,60,66,42,153,68,74,40,220,79,471,95,40,47
1400000US36061014801,36061014801,"Census Tract 148.01, New York County, New York",959,116,919,114,0,11,0,11,0,11,14,17,0,11,0,11,30,37,0,11,0,11,0,11,6,10,0,11,10,15,0,11,10,16,27,26,0,11,16,20,18,20,170,61,303,90,121,58,71,44,123,58,40,31
1400000US36061014802,36061014802,"Census Tract 148.02, New York County, New York",2113,284,2088,284,0,16,0,16,9,14,26,41,0,16,40,42,0,16,0,16,0,16,0,16,53,70,0,16,0,16,0,16,0,16,25,40,127,105,103,65,150,70,538,185,331,126,433,148,200,125,53,45,25,30
1400000US36061014900,36061014900,"Census Tract 149, New York County, New York",1917,300,1766,288,0,16,0,16,16,25,0,16,0,16,0,16,0,16,0,16,17,28,14,24,0,16,0,16,0,16,0,16,48,76,0,16,16,24,30,34,69,73,279,165,270,115,99,70,458,167,450,170,151,113
1400000US36061015001,36061015001,"Census Tract 150.01, New York County, New York",353,75,331,73,0,11,0,11,0,11,0,11,0,11,0,11,0,11,0,11,0,11,0,11,0,11,0,11,0,11,0,11,0,11,0,11,9,13,18,20,45,29,33,30,111,49,25,24,81,52,9,14,22,25
1400000US36061015002,36061015002,"Census Tract 150.02, New York County, New York",774,158,686,161,0,16,0,16,0,16,0,16,0,16,0,16,0,16,0,16,0,16,0,16,0,16,0,16,0,16,0,16,0,16,0,16,0,16,98,119,143,77,49,47,102,73,120,74,83,98,91,90,88,86
1400000US36061015100,36061015100,"Census Tract 151, New York County, New York",3724,366,3710,368,0,16,111,147,64,65,284,166,53,61,42,67,61,68,228,169,38,44,67,62,222,118,0,16,98,97,122,143,113,95,37,45,112,156,91,94,29,53,181,153,294,188,360,149,482,248,621,256,14,24
1400000US36061015200,36061015200,"Census Tract 152, New York County, New York",2993,178,2945,180,17,27,15,25,65,78,225,131,34,40,159,116,156,95,39,40,122,101,170,110,10,20,108,77,106,89,51,55,64,71,76,79,16,25,105,69,143,113,274,103,242,105,344,137,229,83,175,96,48,50
1400000US36061015300,36061015300,"Census Tract 153, New York County, New York",2761,375,2729,387,0,16,0,16,0,16,0,16,25,41,0,16,22,36,0,16,45,51,28,46,0,16,29,48,0,16,0,16,0,16,36,47,54,63,194,145,328,166,280,158,339,147,607,222,248,138,494,227,32,53
1400000US36061015400,36061015400,"Census Tract 154, New York County, New York",5372,634,5372,634,0,18,0,18,150,235,56,89,59,100,0,18,0,18,0,18,0,18,50,83,93,112,57,90,203,261,53,87,56,89,53,86,59,95,515,360,349,251,1407,487,812,337,498,254,689,406,213,200,0,18
1400000US36061015500,36061015500,"Census Tract 155, New York County, New York",2011,405,1865,390,0,18,0,18,0,18,0,18,0,18,0,18,0,18,0,18,0,18,0,18,0,18,0,18,0,18,0,18,28,47,0,18,0,18,388,200,162,140,155,138,155,122,363,192,343,183,271,189,146,140
1400000US36061015601,36061015601,"Census Tract 156.01, New York County, New York",2707,181,2707,181,14,22,14,23,0,16,0,16,0,16,0,16,35,39,15,24,0,16,0,16,13,22,0,16,30,33,0,16,53,63,0,16,24,28,285,112,144,77,719,171,559,142,431,151,169,95,202,108,0,16
1400000US36061015602,36061015602,"Census Tract 156.02, New York County, New York",872,106,866,105,0,11,0,11,7,11,59,45,19,20,26,25,9,14,9,14,0,11,28,45,0,11,38,40,13,21,30,29,53,44,65,60,97,76,50,41,50,50,76,40,56,39,99,68,40,36,42,34,6,10
1400000US36061015700,36061015700,"Census Tract 157, New York County, New York",3762,564,3725,562,0,16,0,16,0,16,0,16,0,16,0,16,0,16,62,97,30,59,126,127,31,55,0,16,0,16,49,82,0,16,71,93,74,112,419,215,421,249,532,304,944,389,260,189,496,262,210,207,37,59
1400000US36061015801,36061015801,"Census Tract 158.01, New York County, New York",1386,209,1319,205,0,16,0,16,0,16,0,16,32,51,0,16,0,16,0,16,0,16,0,16,8,12,14,22,0,16,0,16,42,66,0,16,0,16,80,71,87,67,332,135,188,93,285,119,66,61,185,99,67,80
1400000US36061015802,36061015802,"Census Tract 158.02, New York County, New York",1898,86,1898,86,0,11,0,11,10,17,0,11,0,11,0,11,17,22,0,11,0,11,0,11,28,26,30,28,25,27,27,39,31,24,38,30,56,51,91,57,73,58,241,127,358,94,357,104,277,81,239,71,0,11
1400000US36061015900,36061015900,"Census Tract 159, New York County, New York",2610,391,2531,407,0,16,0,16,0,16,0,16,0,16,0,16,53,60,0,16,0,16,0,16,0,16,0,16,0,16,0,16,32,53,177,164,27,45,315,167,163,171,544,199,329,187,319,190,154,114,418,236,79,126
1400000US36061016001,36061016001,"Census Tract 160.01, New York County, New York",427,119,366,112,0,11,0,11,0,11,0,11,0,11,0,11,0,11,0,11,0,11,0,11,0,11,0,11,0,11,0,11,0,11,0,11,0,11,9,14,9,15,77,71,75,60,98,59,30,39,68,55,61,62
1400000US36061016002,36061016002,"Census Tract 160.02, New York County, New York",747,85,740,84,0,11,0,11,0,11,0,11,0,11,0,11,0,11,11,17,0,11,0,11,0,11,27,33,0,11,12,16,0,11,23,25,35,30,69,38,155,53,248,75,115,55,16,20,22,31,7,11,7,10
1400000US36061016100,36061016100,"Census Tract 161, New York County, New York",2802,265,2776,265,0,16,0,16,14,21,28,30,16,25,12,18,15,24,52,72,28,46,23,41,0,16,88,88,0,16,0,16,33,52,34,34,96,88,175,88,108,72,380,184,605,175,500,159,305,123,264,127,26,23
1400000US36061016200,36061016200,"Census Tract 162, New York County, New York",3596,229,3559,231,16,25,49,76,13,21,362,152,410,181,112,91,90,71,128,89,218,151,277,145,33,36,88,75,142,91,16,25,94,58,102,82,232,129,565,234,255,121,228,116,102,92,0,16,9,16,18,30,37,50
1400000US36061016300,36061016300,"Census Tract 163, New York County, New York",2506,241,2480,242,0,16,0,16,29,45,0,16,14,22,0,16,0,16,0,16,48,77,7,12,68,89,28,32,0,16,10,16,29,33,11,17,64,47,103,91,342,164,584,214,684,203,133,71,231,131,95,62,26,30
1400000US36061016400,36061016400,"Census Tract 164, New York County, New York",2597,108,2578,111,0,16,0,16,112,114,254,112,204,94,93,74,14,22,62,73,122,78,31,50,76,67,83,64,0,16,25,30,54,60,259,150,203,136,157,83,223,133,144,59,128,76,183,120,120,83,31,37,19,31
1400000US36061016500,36061016500,"Census Tract 165, New York County, New York",2100,290,2060,291,0,16,0,16,54,87,0,16,0,16,45,67,18,29,0,16,33,41,0,16,0,16,0,16,0,16,0,16,81,78,113,96,11,17,133,89,128,84,586,194,361,130,154,79,173,95,170,146,40,43
1400000US36061016600,36061016600,"Census Tract 166, New York County, New York",2713,161,2713,161,0,16,0,16,39,43,173,103,64,61,91,65,79,54,76,66,24,27,87,87,17,28,115,84,60,60,77,78,26,41,214,93,107,71,269,118,300,134,549,144,151,73,122,83,57,56,16,25,0,16
1400000US36061016700,36061016700,"Census Tract 167, New York County, New York",1958,185,1821,183,0,16,13,22,0,16,0,16,0,16,0,16,0,16,14,22,0,16,0,16,0,16,14,23,19,29,0,16,15,23,81,59,34,38,173,100,86,66,364,134,427,138,407,144,66,49,108,71,137,112
1400000US36061016800,36061016800,"Census Tract 168, New York County, New York",1586,81,1586,81,0,11,5,12,59,48,112,69,125,75,103,70,99,65,63,43,73,59,93,50,30,28,117,59,25,28,110,72,41,41,133,91,100,63,129,71,60,44,95,37,9,16,5,9,0,11,0,11,0,11
1400000US36061016900,36061016900,"Census Tract 169, New York County, New York",2712,307,2675,304,0,16,0,16,0,16,0,16,62,131,0,16,0,16,26,42,0,16,0,16,0,16,20,32,0,16,110,142,95,110,27,45,122,92,246,152,114,133,455,168,425,237,722,264,138,123,113,96,37,50
1400000US36061017000,36061017000,"Census Tract 170, New York County, New York",3081,156,3028,174,24,39,0,16,89,59,169,85,80,84,34,36,49,57,102,95,55,53,43,43,24,39,33,31,51,65,63,98,50,55,131,85,204,111,1172,224,281,120,308,125,48,37,18,32,0,16,0,16,53,66
1400000US36061017100,36061017100,"Census Tract 171, New York County, New York",2665,296,2639,298,0,16,0,16,85,135,0,16,0,16,53,65,0,16,0,16,0,16,0,16,0,16,0,16,0,16,0,16,0,16,62,59,196,101,237,173,137,118,637,252,331,144,436,183,353,158,112,96,26,42
1400000US36061017200,36061017200,"Census Tract 172, New York County, New York",2049,145,1972,141,0,16,0,16,14,13,192,117,23,28,52,59,34,39,15,25,56,64,57,48,0,16,30,31,53,49,82,68,94,75,110,77,171,100,333,145,91,57,374,159,142,76,16,22,0,16,33,52,77,62
1400000US36061017300,36061017300,"Census Tract 173, New York County, New York",3159,356,2944,363,0,16,20,33,0,16,67,66,225,188,22,39,47,52,0,16,0,16,24,38,174,137,0,16,114,142,46,71,105,163,67,81,123,95,287,183,147,99,377,211,354,154,400,189,151,135,194,117,215,145
1400000US36061017401,36061017401,"Census Tract 174.01, New York County, New York",1671,152,1671,152,0,11,0,11,49,64,88,75,86,70,69,56,78,57,50,78,0,11,101,93,67,96,111,72,21,31,0,11,80,70,142,91,144,107,369,150,99,75,56,53,35,40,0,11,17,26,9,19,0,11
1400000US36061017402,36061017402,"Census Tract 174.02, New York County, New York",870,38,870,38,0,11,11,18,32,24,51,31,36,27,27,25,29,26,28,21,10,15,10,16,14,16,14,17,0,11,18,13,0,11,15,16,20,17,84,41,67,45,107,46,199,62,47,24,34,21,17,18,0,11
1400000US36061017500,36061017500,"Census Tract 175, New York County, New York",2424,381,2350,361,0,18,0,18,0,18,79,75,0,18,131,160,0,18,0,18,98,141,0,18,0,18,0,18,40,62,0,18,96,82,195,128,108,145,223,164,37,60,288,146,476,149,177,92,72,77,330,146,74,72
1400000US36061017700,36061017700,"Census Tract 177, New York County, New York",3320,248,3230,282,0,16,0,16,117,98,273,186,105,89,77,73,118,113,72,63,0,16,40,64,0,16,47,70,57,46,124,147,234,174,173,133,225,139,404,213,429,232,292,155,108,94,174,122,147,84,14,25,90,100
1400000US36061017800,36061017800,"Census Tract 178, New York County, New York",1565,128,1543,134,0,11,0,11,0,11,83,63,46,50,8,13,28,32,0,11,11,18,7,13,15,21,38,45,36,43,55,53,37,44,145,85,130,69,357,99,193,80,239,86,91,65,21,32,3,5,0,11,22,35
1400000US36061017900,36061017900,"Census Tract 179, New York County, New York",3496,312,3337,336,0,16,0,16,0,16,19,31,31,51,85,100,24,42,35,45,102,103,35,56,57,66,135,140,162,118,31,36,0,16,166,114,125,110,289,185,458,251,552,234,411,166,399,163,175,107,46,52,159,167
1400000US36061018000,36061018000,"Census Tract 180, New York County, New York",2747,150,2747,150,0,16,0,16,59,57,377,133,125,86,103,106,41,36,159,112,97,96,88,84,0,16,129,84,86,79,99,88,169,103,74,55,264,140,220,110,231,115,220,115,97,73,109,76,0,16,0,16,0,16
1400000US36061018100,36061018100,"Census Tract 181, New York County, New York",3473,293,3432,298,0,16,0,16,0,16,85,104,43,71,0,16,0,16,87,78,0,16,51,62,79,93,168,140,79,65,70,63,273,151,461,205,217,128,356,184,127,94,356,161,346,162,225,149,198,142,211,137,41,64
1400000US36061018200,36061018200,"Census Tract 182, New York County, New York",2613,159,2613,159,0,16,0,16,104,83,289,144,137,84,146,109,140,97,31,35,171,116,204,137,172,115,87,57,46,54,110,99,132,82,13,22,71,82,244,135,235,117,182,111,74,63,9,15,16,25,0,16,0,16
1400000US36061018300,36061018300,"Census Tract 183, New York County, New York",3129,371,3098,376,0,16,0,16,45,72,114,93,0,16,25,41,30,47,104,120,28,43,0,16,0,16,28,45,28,46,0,16,0,16,64,73,75,88,369,166,286,161,489,221,383,204,357,150,344,203,329,155,31,37
1400000US36061018400,36061018400,"Census Tract 184, New York County, New York",2612,196,2596,203,51,61,0,16,44,51,328,138,67,57,127,113,139,75,45,59,96,70,207,140,73,78,129,102,80,62,144,102,53,47,130,84,99,86,183,91,115,78,186,110,293,153,7,13,0,16,0,16,16,25
1400000US36061018500,36061018500,"Census Tract 185, New York County, New York",2106,209,2077,210,0,16,0,16,0,16,0,16,0,16,0,16,18,26,0,16,17,28,8,12,0,16,0,16,0,16,23,37,38,42,74,41,131,76,331,152,285,126,244,102,159,92,428,164,72,59,249,111,29,47
1400000US36061018600,36061018600,"Census Tract 186, New York County, New York",1973,100,1973,100,0,16,18,30,126,98,241,102,252,125,155,105,15,20,91,73,39,51,19,24,137,103,74,77,84,90,88,69,73,78,50,49,194,114,107,69,58,54,49,70,57,58,11,15,0,16,35,38,0,16
1400000US36061018700,36061018700,"Census Tract 187, New York County, New York",2889,295,2858,298,0,16,99,71,0,16,121,122,40,62,0,16,20,32,11,24,20,33,22,35,80,102,48,57,0,16,45,55,66,61,49,52,66,70,198,116,287,155,581,212,532,203,270,123,125,95,178,140,31,49
1400000US36061018800,36061018800,"Census Tract 188, New York County, New York",2196,173,2180,171,0,16,0,16,12,22,253,106,43,33,0,16,136,105,21,34,90,87,0,16,36,58,13,21,119,100,14,24,49,57,143,86,99,93,349,161,393,154,292,128,50,80,68,70,0,16,0,16,16,26
1400000US36061018900,36061018900,"Census Tract 189, New York County, New York",4314,251,4238,256,0,18,0,18,76,104,470,219,105,84,76,67,371,201,122,119,46,54,111,111,18,33,161,126,196,150,99,118,276,171,317,167,311,218,300,187,246,134,605,213,136,119,88,71,0,18,108,102,76,94
1400000US36061019000,36061019000,"Census Tract 190, New York County, New York",824,87,772,85,0,11,0,11,27,31,46,41,34,27,26,25,5,8,7,12,78,47,25,30,0,11,14,23,72,49,38,37,49,41,52,41,51,37,114,55,56,43,19,22,35,36,0,11,14,21,10,17,52,33
1400000US36061019100,36061019100,"Census Tract 191, New York County, New York",3115,269,2985,285,0,16,0,16,0,16,0,16,0,16,134,148,0,16,0,16,0,16,48,55,25,37,40,44,30,57,77,89,86,85,55,64,55,63,183,108,407,195,785,252,509,218,214,142,150,120,187,135,130,126
1400000US36061019200,36061019200,"Census Tract 192, New York County, New York",1313,59,1284,74,0,11,79,54,52,44,188,78,97,51,114,66,69,55,104,72,19,27,24,25,40,33,129,63,35,46,25,34,31,30,40,33,58,54,134,73,25,40,21,32,0,11,0,11,0,11,0,11,29,47
1400000US36061019300,36061019300,"Census Tract 193, New York County, New York",3313,394,3250,394,0,16,0,16,0,16,207,141,220,179,68,83,0,16,153,177,30,48,45,58,105,107,0,16,201,181,30,45,237,169,61,65,107,123,270,181,300,173,410,195,373,158,286,161,57,64,90,96,63,85
1400000US36061019400,36061019400,"Census Tract 194, New York County, New York",2381,144,2381,144,69,71,0,16,78,77,441,183,0,16,111,94,130,74,80,63,105,94,117,90,0,16,148,83,104,91,59,54,113,90,44,41,180,100,425,191,66,61,48,61,63,44,0,16,0,16,0,16,0,16
1400000US36061019500,36061019500,"Census Tract 195, New York County, New York",2404,212,2263,229,0,16,14,22,0,16,0,16,0,16,41,32,38,36,43,40,63,65,0,16,21,26,0,16,57,69,0,16,28,32,96,73,86,59,187,88,135,84,284,123,428,149,333,131,227,103,182,110,141,101
1400000US36061019600,36061019600,"Census Tract 196, New York County, New York",1557,68,1524,72,17,27,29,41,87,50,191,69,99,49,75,51,84,56,66,46,58,43,45,35,25,31,47,35,12,17,12,13,0,11,18,24,66,56,84,48,86,53,194,82,104,59,36,32,67,42,22,24,33,29
1400000US36061019701,36061019701,"Census Tract 197.01, New York County, New York",432,17,432,17,0,11,0,11,0,11,0,11,0,11,0,11,0,11,0,11,17,27,0,11,0,11,0,11,30,27,2,5,11,12,66,43,0,11,12,20,4,6,0,11,4,7,4,6,82,37,200,41,0,11
1400000US36061019702,36061019702,"Census Tract 197.02, New York County, New York",758,106,758,106,0,11,0,11,0,11,31,37,13,15,7,13,0,11,0,11,7,10,7,10,33,40,0,11,0,11,56,37,22,35,37,30,40,24,149,72,64,44,73,40,86,41,122,60,0,11,11,15,0,11
1400000US36061019800,36061019800,"Census Tract 198, New York County, New York",768,126,750,129,0,11,0,11,0,11,16,26,22,24,4,8,0,11,23,36,0,11,0,11,36,49,0,11,0,11,11,21,0,11,28,34,26,37,231,112,89,72,102,49,88,53,48,41,26,23,0,11,18,27
1400000US36061019900,36061019900,"Census Tract 199, New York County, New York",2477,223,2429,217,0,16,0,16,83,80,38,63,24,29,12,19,0,16,0,16,0,16,26,31,26,40,14,22,39,38,17,28,17,29,79,62,104,93,293,116,207,128,575,171,507,151,104,77,152,94,112,63,48,44
1400000US36061020000,36061020000,"Census Tract 200, New York County, New York",996,130,945,130,4,8,0,11,0,11,12,19,52,54,31,31,0,11,11,13,0,11,69,64,16,25,44,38,0,11,70,46,16,17,66,52,19,22,120,57,101,68,124,61,65,41,91,59,12,19,22,30,51,40
1400000US36061020101,36061020101,"Census Tract 201.01, New York County, New York",230,28,230,28,0,11,0,11,0,11,0,11,0,11,0,11,6,8,0,11,0,11,0,11,0,11,0,11,0,11,0,11,2,5,4,6,5,7,8,9,15,12,99,31,47,23,27,16,0,11,17,11,0,11
1400000US36061020102,36061020102,"Census Tract 201.02, New York County, New York",1559,91,1533,94,0,11,22,36,12,18,18,20,84,54,18,20,22,34,16,23,0,11,18,30,0,11,40,52,63,73,79,65,32,30,180,84,153,83,146,70,126,71,161,65,170,72,145,77,28,27,0,11,26,31
1400000US36061020300,36061020300,"Census Tract 203, New York County, New York",366,70,362,70,0,11,0,11,0,11,0,11,0,11,0,11,0,11,0,11,0,11,0,11,0,11,0,11,0,11,16,27,4,6,34,30,31,20,45,31,65,37,115,33,40,22,4,8,8,12,0,11,4,6
1400000US36061020500,36061020500,"Census Tract 205, New York County, New York",896,87,884,87,0,16,0,16,0,16,0,16,0,16,0,16,0,16,8,11,0,16,0,16,0,16,0,16,7,12,0,16,0,16,35,37,47,32,63,31,30,21,319,82,133,54,81,41,100,57,61,50,12,19
1400000US36061020600,36061020600,"Census Tract 206, New York County, New York",1174,128,1174,128,19,21,8,13,5,10,41,36,11,17,21,33,40,38,0,11,26,42,30,33,37,43,77,53,33,42,18,21,42,47,72,49,124,62,139,71,165,73,127,61,70,48,69,61,0,11,0,11,0,11
1400000US36061020701,36061020701,"Census Tract 207.01, New York County, New York",1264,70,1217,78,0,11,0,11,0,11,0,11,0,11,0,11,0,11,0,11,0,11,0,11,9,14,0,11,0,11,12,18,0,11,55,44,22,25,116,56,170,76,527,128,158,67,67,37,72,40,9,14,47,32
1400000US36061020800,36061020800,"Census Tract 208, New York County, New York",1618,203,1618,203,0,16,0,16,13,22,0,16,0,16,57,52,58,62,109,84,15,24,101,80,112,83,31,37,69,65,0,16,60,62,148,97,28,35,266,139,156,95,210,126,56,60,52,57,40,45,37,43,0,16
1400000US36061020901,36061020901,"Census Tract 209.01, New York County, New York",1498,77,1431,92,0,11,23,36,56,51,76,40,36,26,82,55,65,55,88,51,43,45,33,30,0,11,67,45,100,81,68,52,0,11,115,70,146,83,298,119,30,46,88,52,0,11,0,11,8,13,9,18,67,66
1400000US36061021000,36061021000,"Census Tract 210, New York County, New York",2780,156,2749,161,41,67,157,130,14,22,200,99,228,124,69,71,34,53,123,75,54,57,75,56,125,96,99,88,21,33,66,52,55,68,43,45,225,104,600,177,124,85,290,119,106,80,0,16,0,16,0,16,31,36
1400000US36061021100,36061021100,"Census Tract 211, New York County, New York",3007,288,2962,290,0,18,24,39,0,18,130,101,90,80,21,34,128,113,229,177,9,20,36,57,74,93,102,122,0,18,0,18,194,169,91,83,56,66,333,201,169,147,525,174,421,172,110,78,38,42,182,167,45,70
1400000US36061021200,36061021200,"Census Tract 212, New York County, New York",2459,173,2437,176,0,11,0,11,39,45,96,75,33,36,0,11,29,35,79,78,20,30,40,41,48,47,40,64,0,11,63,59,0,11,67,62,106,83,212,93,420,152,633,184,458,184,54,60,0,11,0,11,22,35
1400000US36061021303,36061021303,"Census Tract 213.03, New York County, New York",2099,119,2065,118,0,16,0,16,18,27,31,34,23,27,62,73,0,16,40,41,66,71,39,51,66,51,11,18,66,77,0,16,53,47,137,74,107,85,487,144,498,146,222,92,102,74,29,34,8,14,0,16,34,58
1400000US36061021400,36061021400,"Census Tract 214, New York County, New York",1871,102,1860,108,18,27,8,13,19,31,6,10,14,16,17,22,18,28,0,11,5,8,19,25,39,33,8,12,0,11,50,36,132,80,248,105,116,64,477,110,381,113,238,100,39,34,8,11,0,11,0,11,11,18
1400000US36061021500,36061021500,"Census Tract 215, New York County, New York",1310,72,1295,75,0,11,0,11,106,63,17,27,34,39,93,68,39,40,20,31,20,32,10,16,31,34,17,21,30,36,40,44,34,33,28,32,64,46,247,87,203,85,121,63,97,49,44,40,0,11,0,11,15,20
1400000US36061021600,36061021600,"Census Tract 216, New York County, New York",2769,195,2760,196,0,16,21,34,11,19,138,88,124,95,20,32,0,16,18,32,23,38,84,74,13,22,79,92,76,75,63,70,164,103,227,105,181,120,433,132,275,108,435,161,200,86,117,101,22,27,36,35,9,14
1400000US36061021703,36061021703,"Census Tract 217.03, New York County, New York",0,11,0,11,0,11,0,11,0,11,0,11,0,11,0,11,0,11,0,11,0,11,0,11,0,11,0,11,0,11,0,11,0,11,0,11,0,11,0,11,0,11,0,11,0,11,0,11,0,11,0,11,0,11
1400000US36061021800,36061021800,"Census Tract 218, New York County, New York",2521,159,2490,172,0,16,42,65,0,16,72,63,111,81,90,83,87,66,50,50,84,70,10,16,11,18,49,62,16,26,171,104,36,33,162,108,80,79,425,160,339,151,296,122,186,113,114,76,59,68,0,16,31,51
1400000US36061021900,36061021900,"Census Tract 219, New York County, New York",1968,148,1968,148,0,16,44,57,92,71,129,79,194,102,100,83,81,80,190,119,37,59,144,106,36,58,135,100,84,95,97,91,11,19,135,81,41,53,159,93,70,61,112,78,51,51,13,23,13,17,0,16,0,16
1400000US36061022000,36061022000,"Census Tract 220, New York County, New York",2077,160,2067,160,0,16,0,16,0,16,102,72,17,25,14,22,31,50,14,23,0,16,16,30,46,55,55,53,13,20,179,108,173,106,137,75,144,83,308,122,185,90,343,126,120,75,148,62,0,16,22,31,10,15
1400000US36061022102,36061022102,"Census Tract 221.02, New York County, New York",791,98,791,98,0,11,0,11,0,11,0,11,26,41,21,33,0,11,0,11,0,11,0,11,58,52,0,11,10,17,21,31,10,16,50,43,86,65,181,91,108,58,160,70,19,28,32,37,9,13,0,11,0,11
1400000US36061022200,36061022200,"Census Tract 222, New York County, New York",959,123,959,123,0,11,0,11,11,18,48,33,41,32,55,38,27,34,39,33,9,14,5,8,48,45,78,60,27,34,18,30,10,15,65,50,24,19,108,63,80,55,94,54,122,55,16,20,28,32,6,10,0,11
1400000US36061022301,36061022301,"Census Tract 223.01, New York County, New York",2205,113,2156,108,0,16,0,16,0,16,28,43,99,76,28,34,33,49,40,39,55,51,39,50,27,29,0,16,107,100,108,94,98,73,213,104,112,79,507,160,173,118,172,93,191,99,72,63,37,40,17,27,49,61
1400000US36061022302,36061022302,"Census Tract 223.02, New York County, New York",1562,36,1525,51,0,11,16,26,8,12,138,60,53,31,25,39,39,36,31,36,57,48,39,39,18,21,29,32,37,35,26,30,26,31,111,61,55,40,169,72,227,86,210,70,175,74,28,26,8,14,0,11,37,34
1400000US36061022400,36061022400,"Census Tract 224, New York County, New York",2620,173,2585,183,0,16,30,48,54,64,173,107,238,113,100,73,45,42,155,112,83,72,119,81,14,23,205,130,73,70,208,110,94,68,227,104,186,101,251,119,59,47,178,113,35,35,0,16,14,23,44,69,35,58
1400000US36061022500,36061022500,"Census Tract 225, New York County, New York",3002,235,2757,265,0,18,0,18,13,21,22,35,85,86,117,112,107,83,0,18,11,18,27,43,27,31,68,73,131,118,48,58,92,61,273,135,194,94,418,146,377,173,557,190,114,86,76,71,0,18,0,18,245,139
1400000US36061022600,36061022600,"Census Tract 226, New York County, New York",1577,149,1503,156,0,11,0,11,18,27,9,15,21,33,0,11,18,27,64,51,46,41,29,31,28,25,38,42,18,29,34,43,61,54,186,96,192,91,348,121,152,80,144,79,42,44,45,34,10,17,0,11,74,55
1400000US36061022700,36061022700,"Census Tract 227, New York County, New York",1764,140,1764,140,0,16,0,16,46,48,86,73,13,22,79,74,9,17,29,43,0,16,0,16,30,46,0,16,48,44,66,45,39,35,55,47,80,66,283,130,308,129,322,112,148,82,92,80,17,23,14,21,0,16
1400000US36061022800,36061022800,"Census Tract 228, New York County, New York",2013,229,1976,231,0,16,0,16,16,27,12,19,14,19,0,16,35,57,96,73,36,64,60,60,17,25,8,17,77,80,60,53,144,129,234,118,256,139,293,118,250,150,252,95,94,95,0,16,22,29,0,16,37,59
1400000US36061022900,36061022900,"Census Tract 229, New York County, New York",2647,183,2506,196,0,16,0,16,0,16,14,23,74,60,25,28,12,19,0,16,80,89,50,47,93,72,50,60,38,33,42,59,111,83,266,136,108,72,355,146,449,161,443,165,173,100,123,75,0,16,0,16,141,73
1400000US36061023000,36061023000,"Census Tract 230, New York County, New York",3485,166,3366,173,0,16,0,16,62,70,139,84,119,84,163,101,214,117,195,115,92,68,132,91,96,67,137,82,95,84,123,84,119,67,200,108,196,112,577,178,179,96,259,110,196,90,41,41,32,37,0,16,119,79
1400000US36061023100,36061023100,"Census Tract 231, New York County, New York",2372,185,2282,201,0,16,53,88,0,16,52,79,61,57,71,67,0,16,15,25,26,36,0,16,49,47,32,31,55,57,73,59,42,40,180,121,138,113,252,116,582,213,405,155,158,89,19,32,0,16,19,30,90,101
1400000US36061023200,36061023200,"Census Tract 232, New York County, New York",3055,155,3009,161,0,16,30,34,65,73,244,120,138,114,10,16,151,101,38,35,190,132,156,96,115,79,24,28,23,39,68,60,256,144,99,86,213,126,324,135,352,157,462,187,51,52,0,16,0,16,0,16,46,53
1400000US36061023300,36061023300,"Census Tract 233, New York County, New York",2288,138,2178,165,0,16,17,28,0,16,0,16,0,16,0,16,106,84,16,27,0,16,71,67,15,25,20,31,0,16,0,16,75,70,203,104,135,97,534,159,306,129,404,129,174,94,71,63,7,12,24,40,110,99
1400000US36061023400,36061023400,"Census Tract 234, New York County, New York",2049,135,1959,147,13,20,0,16,0,16,15,26,41,49,0,16,89,82,40,40,45,54,0,16,17,20,29,47,44,42,93,72,95,68,77,61,81,60,330,119,400,149,542,162,0,16,8,14,0,16,0,16,90,84
1400000US36061023501,36061023501,"Census Tract 235.01, New York County, New York",2122,164,1975,192,0,16,16,28,19,31,151,98,109,76,91,93,0,16,53,66,0,16,68,61,20,31,48,63,92,65,27,32,31,35,141,88,203,133,337,134,224,122,290,130,31,47,3,18,10,15,11,17,147,124
1400000US36061023502,36061023502,"Census Tract 235.02, New York County, New York",769,60,748,54,0,11,0,11,12,19,42,30,24,16,48,41,11,12,10,15,15,18,8,14,10,16,0,11,5,8,12,19,11,14,39,27,102,44,137,51,134,52,113,47,15,16,0,11,0,11,0,11,21,26
1400000US36061023600,36061023600,"Census Tract 236, New York County, New York",2441,251,2355,268,0,16,0,16,37,58,122,119,157,94,44,68,0,16,67,61,11,17,100,96,17,28,247,155,30,36,95,74,224,142,249,134,328,173,259,128,244,123,86,64,38,62,0,16,0,16,0,16,86,125
1400000US36061023700,36061023700,"Census Tract 237, New York County, New York",2437,163,2378,176,0,16,0,16,45,49,0,16,97,68,41,50,50,60,53,57,93,55,33,31,36,55,53,62,0,16,0,16,87,73,84,60,195,93,566,175,349,144,287,116,102,77,136,89,52,60,19,33,59,57
1400000US36061023801,36061023801,"Census Tract 238.01, New York County, New York",3421,306,3367,309,0,16,0,16,32,37,19,32,64,95,18,31,0,16,23,38,16,27,0,16,38,49,0,16,0,16,0,16,0,16,104,145,0,16,27,34,626,254,695,239,712,273,545,238,388,196,60,51,54,61
1400000US36061023802,36061023802,"Census Tract 238.02, New York County, New York",635,76,635,76,0,11,0,11,0,11,0,11,0,11,0,11,0,11,0,11,7,12,0,11,0,11,0,11,0,11,0,11,0,11,0,11,0,11,7,11,9,16,51,36,204,74,112,44,128,62,117,53,0,11
1400000US36061023900,36061023900,"Census Tract 239, New York County, New York",962,57,956,58,0,11,0,11,0,11,88,50,0,11,40,29,0,11,0,11,44,37,14,16,8,12,40,40,7,11,37,35,16,22,117,71,0,11,227,82,90,48,168,72,33,27,27,31,0,11,0,11,6,12
1400000US36061024000,36061024000,"Census Tract 240, New York County, New York",0,11,0,11,0,11,0,11,0,11,0,11,0,11,0,11,0,11,0,11,0,11,0,11,0,11,0,11,0,11,0,11,0,11,0,11,0,11,0,11,0,11,0,11,0,11,0,11,0,11,0,11,0,11
1400000US36061024100,36061024100,"Census Tract 241, New York County, New York",2598,244,2551,258,0,16,0,16,0,16,148,98,155,85,119,87,0,16,0,16,26,31,11,18,12,20,19,34,73,99,50,49,29,34,196,132,179,92,388,138,458,208,521,196,148,105,19,32,0,16,0,16,47,77
1400000US36061024200,36061024200,"Census Tract 242, New York County, New York",1446,64,1432,65,0,11,0,11,57,36,203,71,171,73,135,63,68,49,45,35,54,43,27,34,0,11,59,53,53,39,12,19,67,56,45,51,53,32,66,54,84,54,72,48,38,39,73,36,16,22,34,41,14,22
1400000US36061024301,36061024301,"Census Tract 243.01, New York County, New York",1303,111,1230,118,0,11,25,31,0,11,17,20,22,27,94,63,31,39,9,14,19,23,12,24,37,33,21,31,12,20,21,33,0,11,57,52,185,83,207,89,154,76,224,84,74,62,9,15,0,11,0,11,73,46
1400000US36061024302,36061024302,"Census Tract 243.02, New York County, New York",2486,116,2486,116,0,16,0,16,15,24,381,157,257,151,215,107,13,21,279,133,215,118,94,70,25,29,109,87,123,81,76,75,61,56,140,105,118,90,190,96,175,105,0,16,0,16,0,16,0,16,0,16,0,16
1400000US36061024500,36061024500,"Census Tract 245, New York County, New York",4701,159,4548,182,0,18,52,83,21,33,55,62,97,88,0,18,137,142,48,77,78,79,128,103,40,65,144,106,102,95,173,108,184,115,400,168,454,179,902,257,592,228,719,239,210,135,12,21,0,18,0,18,153,125
1400000US36061024700,36061024700,"Census Tract 247, New York County, New York",2088,195,2067,200,0,16,0,16,0,16,105,85,88,85,0,16,11,17,0,16,32,52,0,16,24,29,19,30,15,23,107,79,126,104,87,70,130,107,394,155,180,93,360,162,345,170,30,33,0,16,14,22,21,34
1400000US36061024900,36061024900,"Census Tract 249, New York County, New York",360,27,344,28,0,11,0,11,0,11,3,5,0,11,0,11,5,5,14,14,10,11,35,26,7,8,3,5,28,27,18,16,13,14,38,26,28,21,33,23,55,27,43,24,11,12,0,11,0,11,0,11,16,16
1400000US36061025100,36061025100,"Census Tract 251, New York County, New York",700,57,687,57,15,22,0,11,9,14,15,20,21,20,21,18,25,23,3,7,21,16,0,11,24,24,18,16,9,10,6,8,22,18,87,37,85,40,119,42,76,43,104,49,7,12,0,11,0,11,0,11,13,14
1400000US36061025300,36061025300,"Census Tract 253, New York County, New York",3795,113,3795,113,0,18,0,18,0,18,50,46,83,71,33,35,27,32,75,74,73,73,57,57,90,89,66,69,83,53,75,70,138,85,299,140,326,142,704,169,499,172,793,214,278,133,22,20,24,28,0,18,0,18
1400000US36061025500,36061025500,"Census Tract 255, New York County, New York",1961,172,1821,175,0,16,0,16,0,16,0,16,7,11,0,16,0,16,0,16,0,16,58,66,13,22,10,16,0,16,10,17,60,85,151,96,110,88,379,136,132,76,582,152,186,91,24,29,77,95,22,35,140,113
1400000US36061025700,36061025700,"Census Tract 257, New York County, New York",1170,116,1161,116,0,11,0,11,0,11,0,11,21,26,0,11,6,10,16,20,13,18,37,36,15,17,6,12,44,38,22,27,40,29,70,42,82,51,118,61,103,57,136,62,176,73,121,54,92,57,43,32,9,15
1400000US36061025900,36061025900,"Census Tract 259, New York County, New York",1008,108,1001,108,13,22,0,11,0,11,25,24,24,33,26,31,16,19,62,45,11,17,26,33,0,11,23,36,0,11,8,13,54,48,63,41,78,65,161,80,220,80,118,60,52,29,11,17,10,15,0,11,7,12
1400000US36061026100,36061026100,"Census Tract 261, New York County, New York",3645,148,3546,167,0,18,13,23,32,51,30,35,91,76,78,64,50,41,57,56,186,109,89,83,41,49,97,63,85,84,192,97,42,40,435,157,272,133,588,192,594,182,402,144,138,90,34,49,0,18,0,18,99,92
1400000US36061026300,36061026300,"Census Tract 263, New York County, New York",2866,122,2832,128,0,16,0,16,0,16,27,47,92,67,24,30,62,98,31,35,22,21,16,27,83,71,59,59,13,20,10,16,74,81,170,94,356,168,544,196,353,141,798,211,68,46,30,30,0,16,0,16,34,42
1400000US36061026500,36061026500,"Census Tract 265, New York County, New York",2412,162,2369,170,0,16,0,16,0,16,0,16,46,41,40,48,10,16,0,16,0,16,30,34,34,41,27,39,63,53,34,34,78,78,159,97,206,119,296,122,409,139,586,171,240,132,65,64,27,31,19,29,43,52
1400000US36061026700,36061026700,"Census Tract 267, New York County, New York",567,42,557,42,0,11,0,11,0,11,0,11,0,11,3,6,0,11,4,7,0,11,0,11,0,11,0,11,0,11,20,18,9,14,43,36,87,36,112,38,141,47,103,36,35,20,0,11,0,11,0,11,10,10
1400000US36061026900,36061026900,"Census Tract 269, New York County, New York",2408,161,2380,167,0,16,0,16,0,16,43,53,0,16,13,22,38,43,52,67,57,53,120,92,63,68,39,46,45,51,57,60,26,31,265,124,188,110,455,155,376,153,457,150,86,88,0,16,0,16,0,16,28,34
1400000US36061027100,36061027100,"Census Tract 271, New York County, New York",2823,103,2823,103,0,16,0,16,0,16,16,25,0,16,36,56,0,16,0,16,13,20,45,54,37,62,57,70,63,49,15,24,13,23,145,81,176,106,726,182,549,170,743,172,79,79,26,32,69,69,15,25,0,16
1400000US36061027300,36061027300,"Census Tract 273, New York County, New York",2479,202,2451,200,0,16,0,16,0,16,0,16,0,16,0,16,0,16,0,16,41,49,0,16,54,63,0,16,40,69,15,20,0,16,98,70,124,99,358,172,471,149,637,168,475,125,125,68,13,20,0,16,28,33
1400000US36061027500,36061027500,"Census Tract 275, New York County, New York",847,99,782,103,0,11,0,11,0,11,10,17,0,11,0,11,0,11,0,11,6,10,18,20,0,11,0,11,19,21,0,11,0,11,5,8,16,18,148,100,157,83,239,91,133,73,11,17,8,12,12,19,65,65
1400000US36061027700,36061027700,"Census Tract 277, New York County, New York",2168,68,2099,88,0,16,0,16,26,42,18,29,57,48,58,55,44,50,0,16,19,31,24,37,28,48,43,36,36,39,52,58,57,56,187,107,171,102,700,192,258,107,240,131,72,60,0,16,9,16,0,16,69,58
1400000US36061027900,36061027900,"Census Tract 279, New York County, New York",3654,176,3548,191,0,18,0,18,12,20,64,65,24,28,20,31,0,18,13,21,0,18,0,18,52,48,20,38,3,11,68,57,53,50,181,105,248,138,885,191,949,219,914,205,27,33,15,23,0,18,0,18,106,82
1400000US36061028100,36061028100,"Census Tract 281, New York County, New York",1011,80,1002,80,0,11,0,11,0,11,0,11,0,11,0,11,0,11,0,11,0,11,0,11,0,11,0,11,0,11,8,12,0,11,18,20,18,19,121,63,144,46,349,93,199,68,125,77,20,26,0,11,9,13
1400000US36061028300,36061028300,"Census Tract 283, New York County, New York",2573,200,2547,210,0,16,0,16,0,16,10,16,12,20,0,16,12,20,15,22,6,14,9,14,112,78,15,25,25,29,180,112,65,61,108,73,440,180,595,202,596,190,321,156,26,34,0,16,0,16,0,16,26,30
1400000US36061028500,36061028500,"Census Tract 285, New York County, New York",2708,79,2708,79,0,16,0,16,0,16,71,61,26,35,14,23,51,57,46,46,22,29,67,66,13,21,0,16,23,37,60,72,108,66,251,95,182,100,471,154,883,178,328,135,80,78,12,19,0,16,0,16,0,16
1400000US36061028700,36061028700,"Census Tract 287, New York County, New York",1547,88,1547,88,0,11,0,11,0,11,11,17,32,37,12,20,0,11,0,11,0,11,19,21,0,11,0,11,0,11,22,24,0,11,134,66,125,63,352,103,411,131,320,77,47,36,57,38,5,9,0,11,0,11
1400000US36061029100,36061029100,"Census Tract 291, New York County, New York",3808,148,3775,155,0,18,10,17,30,45,101,78,116,104,20,21,75,72,37,43,25,29,83,75,10,15,113,110,63,54,37,36,203,148,510,186,322,143,1035,244,477,170,429,164,57,70,0,18,9,18,13,21,33,53
1400000US36061029300,36061029300,"Census Tract 293, New York County, New York",2881,149,2881,149,0,16,0,16,0,16,39,61,92,74,0,16,14,22,56,57,27,31,29,35,17,26,134,107,38,40,32,52,63,82,347,160,116,90,791,216,673,198,393,149,20,32,0,16,0,16,0,16,0,16
1400000US36061029500,36061029500,"Census Tract 295, New York County, New York",3023,170,2734,199,18,28,0,16,0,16,16,26,0,16,30,41,7,11,0,16,0,16,0,16,0,16,15,24,49,45,33,38,0,16,108,73,205,88,567,189,850,240,694,166,128,63,0,16,14,25,0,16,289,175
1400000US36061029700,36061029700,"Census Tract 297, New York County, New York",0,11,0,11,0,11,0,11,0,11,0,11,0,11,0,11,0,11,0,11,0,11,0,11,0,11,0,11,0,11,0,11,0,11,0,11,0,11,0,11,0,11,0,11,0,11,0,11,0,11,0,11,0,11
1400000US36061029900,36061029900,"Census Tract 299, New York County, New York",1459,76,1452,72,0,11,8,12,6,9,266,94,70,32,82,56,29,33,6,11,67,49,106,65,45,38,125,51,82,56,81,56,8,12,134,58,67,46,89,56,143,65,38,49,0,11,0,11,0,11,0,11,7,11
1400000US36061030300,36061030300,"Census Tract 303, New York County, New York",1670,72,1577,94,0,11,0,11,0,11,0,11,0,11,0,11,7,11,0,11,12,20,34,49,0,11,39,53,20,23,24,26,10,17,64,45,85,42,290,100,375,93,402,97,110,64,6,9,42,42,57,63,93,60
1400000US36061030700,36061030700,"Census Tract 307, New York County, New York",1028,112,996,115,0,11,0,11,0,11,0,11,8,13,0,11,0,11,0,11,0,11,0,11,5,9,0,11,0,11,11,15,0,11,10,15,105,49,207,87,208,87,354,117,77,42,11,17,0,11,0,11,32,45
1400000US36061030900,36061030900,"Census Tract 309, New York County, New York",3193,177,3178,180,0,16,76,52,54,62,160,98,69,60,137,96,22,33,176,103,50,67,129,104,147,100,237,124,0,16,88,72,106,72,78,57,217,122,727,168,427,154,257,138,21,36,0,16,0,16,0,16,15,24
1400000US36061031100,36061031100,"Census Tract 311, New York County, New York",0,11,0,11,0,11,0,11,0,11,0,11,0,11,0,11,0,11,0,11,0,11,0,11,0,11,0,11,0,11,0,11,0,11,0,11,0,11,0,11,0,11,0,11,0,11,0,11,0,11,0,11,0,11
1400000US36061031703,36061031703,"Census Tract 317.03, New York County, New York",3752,214,3752,214,0,16,0,16,92,110,0,16,0,16,0,16,0,16,0,16,0,16,0,16,18,31,14,24,119,81,0,16,47,58,16,25,0,16,0,16,58,58,131,127,436,179,1012,244,387,145,1422,303,0,16
1400000US36061031704,36061031704,"Census Tract 317.04, New York County, New York",2025,275,1916,271,19,32,0,16,0,16,44,71,0,16,0,16,0,16,0,16,0,16,13,21,0,16,31,48,0,16,0,16,0,16,0,16,86,75,31,36,43,56,81,99,200,140,535,209,453,158,380,166,109,148
1400000US36061031900,36061031900,"Census Tract 319, New York County, New York",0,11,0,11,0,11,0,11,0,11,0,11,0,11,0,11,0,11,0,11,0,11,0,11,0,11,0,11,0,11,0,11,0,11,0,11,0,11,0,11,0,11,0,11,0,11,0,11,0,11,0,11,0,11
