,0,1,2,3,4,Tracts
0,0.016267861111661612,0.0588715231347286,0.803758720870408,0.05398727086064914,0.006020868847510959,36061000201
1,-0.013392869245863429,0.16729408482163335,-0.8587429497971409,0.0285210412420811,0.0039957212397088325,36061000202
2,0.004739263966318923,0.06390103665262298,0.8634768960811353,0.026685539966673402,0.0013841885879332316,36061000600
3,0.0009528899973482123,0.26270248152342024,0.14034290792327794,0.7908677443212153,0.0033612642752931057,36061000700
4,0.012722424047146822,0.08680840179136062,0.9445643970485661,0.004524479367794262,0.002211127836167872,36061000800
5,0.011629467983188264,0.3002180589344257,0.7979864841525753,0.05709215957124635,0.004391549082998505,36061000900
6,0.011444563604846858,0.308918089214267,0.9351382348750831,0.006174134564405563,0.0021679227645053315,36061001001
7,0.0044076699989347035,0.01550013147111036,0.6558980534680706,0.15723733113002347,0.0025363144520967654,36061001002
8,0.014579965147610533,0.19966566824916884,0.7519443608960744,0.08466576994402349,0.006391098196888652,36061001200
9,0.003055360735652225,0.2533478182083975,0.2843534041182361,0.5849658552936001,0.005150692717220192,36061001300
10,0.015478154150311934,0.3852324578473903,0.7564329635424045,0.0817625566804564,0.006691812615637478,36061001401
11,-0.005123506129677239,0.17006302650757998,-0.5739985045113805,0.23356111614344197,0.0036545526508944388,36061001402
12,0.018653319971280252,0.22243137990158784,0.9796317115603824,0.0006180756938075209,0.0019117573935432167,36061001501
13,0.022293341708061652,0.26725224681137827,0.9679975838288946,0.001519844249663902,0.0028898451274459807,36061001502
14,0.009983134148450864,0.13482357488534127,0.8887552766539919,0.017874734375042958,0.002574437036077729,36061001600
15,-0.004287789023964749,0.1808348256685136,-0.26047021558302075,0.6181304427676209,0.0079467485608104,36061001800
16,0.0012794583680632284,0.01983164873936006,0.6808246144047425,0.1365517248130748,0.000688235087811954,36061002000
17,0.00041513576478472585,0.48891905126852975,0.05312245200262147,0.9203912776405611,0.0039018303920106997,36061002100
18,-0.004510525002399581,0.1404521953332243,-0.6226082984971357,0.18676183303573696,0.0028345571225437756,36061002201
19,0.026342370363698697,0.09063983769557238,0.8672247243143942,0.025273544903400315,0.007562233890330254,36061002202
20,0.009150269123780388,0.022380264174934494,0.877294340344391,0.02166124850824695,0.002502977968604456,36061002400
21,0.00834399388067045,0.06520130967125082,0.7249332293900868,0.1030865788103844,0.003964160068892868,36061002500
22,-0.0038422328864038853,0.09918976853107227,-0.6823775958947756,0.13530447941216642,0.0020580040837549617,36061002601
23,0.005065886909779894,0.1672472971077336,0.5904659989792729,0.2172340151309329,0.003462085403819219,36061002602
24,-0.025155867729442727,0.36238783733491864,-0.8946542070372336,0.016062054237923822,0.006280983837835132,36061002700
25,-0.003870283647897716,0.11145355323380066,-0.5439703936344038,0.2645258598795218,0.0029850632633972164,36061002800
26,0.022064426905666727,0.12753980864289904,0.9828557417062297,0.00043836882052726735,0.0020695588814519626,36061002900
27,0.022663602548408966,0.12055982153358713,0.8761207013583038,0.022068590095144842,0.006235406397912923,36061003001
28,0.00010022319015344862,0.1403570775626899,0.031181384358837844,0.9532430819601436,0.0016063182877623142,36061003002
29,0.024066662037412555,0.3025191589952291,0.7985416689089738,0.056790049313901456,0.009070707205550832,36061003100
30,-0.006700481517905937,0.20518388331005655,-0.5834488850096046,0.2241333488561458,0.004663472054607095,36061003200
31,0.011902338091620853,0.4421777027353271,0.700569753366672,0.12106447961681595,0.006061721272846374,36061003300
32,0.005720303722681414,0.18860266321428185,0.5727767006107257,0.23479127693749194,0.004093216797213774,36061003400
33,0.0042532438081081215,0.16056239645210155,0.5029053004529754,0.30923787982993167,0.00365501735997365,36061003601
34,0.007461134973469614,0.25992928462033627,0.5609911278670809,0.2467883603957998,0.005504980360342128,36061003602
35,-0.003064583463350767,0.39204402439587577,-0.20069350021107896,0.703001504145576,0.00747964357127702,36061003700
36,0.007335549731494398,0.17944890570257704,0.6820106231997387,0.13559876097357332,0.00393307477883385,36061003800
37,-0.0038712061796132304,0.40565567647379824,-0.6198836017657736,0.18927149472884647,0.0024502272536206906,36061003900
38,-0.0096314181808404,0.30669765452082537,-0.5409539958500845,0.2677190216313665,0.0074872589421982475,36061004000
39,0.005797478568981939,0.18401146410450578,0.43038273677208083,0.39428564139804495,0.006079558122246125,36061004100
40,0.017021842094047106,0.40451753242442545,0.946481095292124,0.004219763360512129,0.0029023068125172942,36061004200
41,0.01288828343975908,0.19365182228180383,0.8937594179924424,0.016331019918966395,0.00323408980321319,36061004300
42,0.0027394383938566334,0.27861269582101,0.3540666987040581,0.4910934239285269,0.0036179313944172667,36061004400
43,0.008144733306756977,0.363210895668527,0.6939123286823362,0.12619586848342382,0.004225816670667566,36061004500
44,-0.012996884471486716,0.4806631348578537,-0.9818807996434112,0.0004894838164875896,0.0012541768323034608,36061004700
45,-0.013852360948495377,0.4446617802385519,-0.9247460534329879,0.00828164727352192,0.00285051070560469,36061004800
46,0.007514973495019862,0.2824744180608534,0.42033459750013924,0.4066307087990148,0.008111223020181127,36061004900
47,0.006604704484428926,0.39460824340588624,0.774609971871554,0.07047601553778765,0.0026962435496478464,36061005000
48,0.004302919084086631,0.4470657875945646,0.4661427602712527,0.35142972371473785,0.00408333431636177,36061005200
49,0.009143074545576616,0.4409942937744167,0.7208346211230464,0.1060218223112191,0.0043956891618082885,36061005400
50,0.0337631977718099,0.3896984037119581,0.9368424630147979,0.005857347973367778,0.006302411433440782,36061005501
51,0.012709762765664396,0.2757649721469089,0.8725688465256097,0.023323390249386292,0.003557660070130437,36061005502
52,-0.01133103861265939,0.3702284811871496,-0.9172826111834202,0.009980266549199082,0.0024596767614127944,36061005600
53,0.008435757040650334,0.44859194638988564,0.5210452363312684,0.2891609460948407,0.006909346158536113,36061005700
54,-0.007095014427574123,0.3606568721220455,-0.6489599390396935,0.1632145069279656,0.004158998771613139,36061005800
55,0.008173425245740693,0.4957402236259689,0.4901746857641107,0.323625406863054,0.007266955633627269,36061005900
56,0.0470855118806558,0.2978816436349856,0.9778241503093826,0.0007321997741942315,0.005042321275106085,36061006000
57,-0.014425480122075987,0.468285950132967,-0.7755156747753424,0.06993357528101155,0.005871714988395752,36061006100
58,-0.014934555229473819,0.307787790969356,-0.893799176320157,0.016319023326572035,0.003746737367537381,36061006200
59,0.025937103772496365,0.39354945925183393,0.9489396257801029,0.0038441813942388815,0.004311159505234477,36061006300
60,-0.007268686039180755,0.29831277362295017,-0.4951049427899769,0.3180248519034281,0.006377714161218753,36061006400
61,0.0036729400680004,0.27712523162153546,0.3361421052167895,0.5147774450198045,0.0051454672430995,36061006500
62,0.016311573596299832,0.17579819603505234,0.8414357656287386,0.035720564771114384,0.005237521283430127,36061006600
63,-0.013550637755428455,0.38900085710404125,-0.8876211847921013,0.01823388123900301,0.0035156183845620366,36061006700
64,-0.017688525075154494,0.37982749836972807,-0.8800019837882633,0.020735328691246436,0.004773579521281828,36061006800
65,-0.031938496326774854,0.558276933925208,-0.9124674339064598,0.011157590112434954,0.007160592363613183,36061006900
66,0.0015983575447909926,0.35670692753685984,0.22861804726626053,0.6630474287102734,0.003403114887969663,36061007000
67,0.015120859767546938,0.4207527753276095,0.6845120240268375,0.13359831528149987,0.008051816565916548,36061007100
68,0.0229912668175133,0.29598430634380113,0.883955490354223,0.019418145600945878,0.006080651678219581,36061007200
69,-0.0044070345717679826,0.344907303306089,-0.6564846347356307,0.1567363207267494,0.002531970758426509,36061007300
70,-0.01017874028731453,0.45208204314443284,-0.7148257291867666,0.11039073889462515,0.004978849826416922,36061007400
71,-0.004489163624172077,0.3646286388813119,-0.3958876636203662,0.43719165585213937,0.005206520197575939,36061007500
72,0.030766512484920277,0.16977421747849958,0.9775401751643761,0.0007510007385442551,0.0033164961627651316,36061007600
73,-0.006320390173854662,0.36383869693238274,-0.47215126149963915,0.3444006959142443,0.0059001588035342035,36061007700
74,0.01420909973233154,0.2896979372810057,0.9788352886124877,0.0006671771987679059,0.0014853812840368169,36061007800
75,-0.012349586865940058,0.41565756444755203,-0.9278598510924952,0.007618585706008943,0.002481797240232156,36061007900
76,0.008098528317078276,0.3818011928497058,0.5231791990697107,0.2868325843039242,0.0065959709963465535,36061008000
77,-0.008778063181717121,0.41865539871078633,-0.865539534363055,0.025903928380925513,0.0025396936390453106,36061008100
78,-0.019715087671817136,0.4685869928831248,-0.8364310145715195,0.03794409068276664,0.006459164994508088,36061008200
79,-0.0016156152246440633,0.16099997776658045,-0.3387273388455721,0.5113411372866922,0.0022438511380827586,36061008300
80,-0.01887089017470363,0.3382160421248989,-0.7989556306781105,0.056565267713006295,0.007102249302731977,36061008400
81,-0.009467811135023334,0.4175412189538169,-0.7394229368582115,0.09300396458401135,0.004310199387860843,36061008601
82,0.002824902638644907,0.47808669394293946,0.48322105409613414,0.3315851019973791,0.0025590748395718215,36061008603
83,-0.009845873038772808,0.35775689075752376,-0.8452818964073074,0.034054740246209185,0.0031118925666824586,36061008700
84,0.0016549594550539283,0.3876620948367062,0.2230788481385792,0.6709323949305976,0.0036158855013487625,36061008800
85,-0.019868783072646362,0.40604122553707944,-0.9568408466930741,0.002753872223773185,0.003017281128312725,36061008900
86,0.01238783439684753,0.3056479966483705,0.5479666128196244,0.2603183382311076,0.00945534431955414,36061009000
87,-0.004088238187515833,0.33821065756262164,-0.4876689630785253,0.3264855198956767,0.003659397295413403,36061009100
88,0.016674656354524985,0.3310332513152458,0.9137708890816669,0.010832612820664209,0.0037064786658554077,36061009200
89,0.0080669474494606,0.2757524397180654,0.7361822236315904,0.0952188939329657,0.0037080329619884173,36061009300
90,-0.09593399082120886,0.4490739836604498,-0.9318191842126541,0.006814461986061542,0.01868207891244883,36061009400
91,0.022797153759721186,0.3494626894985669,0.8144193705390125,0.04846454083014365,0.008121527080393655,36061009500
92,0.0363859301795293,0.15373324433520624,0.8152664667808144,0.04803756498752483,0.012922512696535294,36061009600
93,0.002149152780220401,0.3659883782973658,0.20121846472412136,0.7022458570986512,0.005231117456176344,36061009700
94,-0.0028262055376894837,0.35413059694998633,-0.3210882564297885,0.5349193406523323,0.004167944257242218,36061009800
95,0.010674854347945387,0.23094698367288544,0.7928822093387173,0.05990422218565556,0.004102115368719675,36061009900
96,0.02119996341993235,0.2244213582772311,0.7957974917493938,0.05829051063563506,0.00806606590932648,36061010000
97,-0.02227146989932595,0.35793547028782796,-0.9246451147121384,0.008303592069504729,0.004586430779490147,36061010100
98,0.028877210813551348,0.15162423849117418,0.4124892289809827,0.4163581340285026,0.0318869605151784,36061010200
99,0.014177636606997555,0.22617045910768468,0.7838305523093148,0.06504312923986985,0.005615980780887777,36061010300
100,-0.023921654942931792,0.4683637140265669,-0.9440953630522517,0.004600632472715341,0.004176649769688374,36061010400
101,-0.0031992904992416043,0.5836096262878602,-0.2961242338871273,0.5687971513373717,0.0051596596201158645,36061010601
102,0.011189435036097256,0.2726015493661322,0.5414348438304849,0.2672090040319607,0.008687505134920922,36061010602
103,0.009371951639935424,0.35514852137570774,0.7447437286274363,0.0894179374144253,0.004199013026994746,36061010800
104,0.11867348007294647,0.12693569945570915,0.9212940786520902,0.009048156364705816,0.025045287900610842,36061010900
105,0.01971779713386749,0.2869123020620471,0.9084856789339767,0.012179096125294796,0.004535229788273983,36061011000
106,0.011415778014096928,0.1817868283823204,0.7901344438752006,0.06144371524124255,0.004427799357989861,36061011100
107,0.016630340308672567,0.4547177690095763,0.5930417223453051,0.21472335396198552,0.01128949227364985,36061011201
108,-0.010646879863610131,0.41589828530320366,-0.5116474176118565,0.29949919199737707,0.008939507004696836,36061011202
109,0.03980469714578644,0.3129397522630446,0.9693582369886489,0.0013939914147528814,0.005043584017845875,36061011203
110,0.07281798962855594,0.27969856671361343,0.8866362387634458,0.018548575289017304,0.018990850746563172,36061011300
111,0.005792140630459027,0.5992283185085973,0.46771137658932366,0.34958978640218114,0.0054729954950177365,36061011401
112,-0.016701011043800843,0.5469533439171699,-0.9274871514608677,0.007696529421733943,0.0033659533635201004,36061011402
113,-0.006672456284292493,0.2468696701736839,-0.6130039854909883,0.19566946671406762,0.004299950041277024,36061011500
114,0.01530551352963737,0.15620782295226712,0.7695959045845125,0.07351344943601043,0.006349467600463819,36061011600
115,-0.00987478395055737,0.2541850796633203,-0.9366231518660683,0.005897656806591086,0.0018468031065062274,36061011700
116,0.01207011786862951,0.3863774920166742,0.8493385360593927,0.032338392077115655,0.0037506797825079107,36061011800
117,0.0027785767021780436,0.06178336478711159,0.4213002003701601,0.40543879858994386,0.002990682457006185,36061011900
118,0.006674742245841135,0.6337827946824228,0.4514862146793334,0.36878610829424757,0.006595690077425654,36061012000
119,0.008809825908004302,0.3258010223990244,0.68888793284116,0.13012969726676488,0.004634977155018901,36061012100
120,0.01285784704528608,0.5141182763480374,0.5786437138583922,0.22890764635342897,0.009061369099937518,36061012200
121,0.014354490099440015,0.2740217042790916,0.8235912746601979,0.04393513441280144,0.004942763389353933,36061012400
122,-0.00943501510851758,0.3158270606165144,-0.538895303693156,0.26990683810827604,0.007374159301806439,36061012500
123,0.01511234515245142,0.34711327414881316,0.8670577951871536,0.02533565907305946,0.004341743279222289,36061012600
124,0.0005164235186478651,0.24501297939059224,0.07137415546443734,0.8931205664152589,0.0036084941063556897,36061012700
125,-0.016104665133981684,0.6333364717629385,-0.7986680859232531,0.05672136121416815,0.006067184449380414,36061012800
126,-0.010212937273358919,0.30451942535834986,-0.5470019351067257,0.26133162734500637,0.007814935681213294,36061012900
127,0.013299439478512143,0.6632302801714318,0.5887977069907593,0.2188664406251283,0.009128497434787674,36061013000
128,0.00841387223128335,0.27571072996760215,0.5638686145429137,0.2438374750057281,0.006161646765966519,36061013100
129,0.020718426292513168,0.23920517662953766,0.9949137032754883,3.873982925273176e-05,0.0010488279672871796,36061013200
130,-0.022041117216475038,0.27178012040008603,-0.9348555777483286,0.0062274638145957475,0.004185255542872698,36061013300
131,0.0065854637064676706,0.3575476878443009,0.7039358201921658,0.1185053932518741,0.0033223306237029804,36061013400
132,-0.010166014311105432,0.16963286785258935,-0.8294294871100873,0.0411601349760032,0.003423348123784036,36061013500
133,0.01159604403189234,0.33227264398574896,0.9197554837079683,0.009400419054114047,0.0024742188679240168,36061013600
134,-0.02400178739602797,0.512528324016878,-0.9752379754585172,0.0009121452741084478,0.0027214839211101107,36061013700
135,-0.0050336654439807425,0.3732651274779086,-0.5665369620785927,0.24111357828570018,0.0036607701427501574,36061013800
136,-0.023095300636860924,0.3056234724177249,-0.706850648372819,0.11630869270227957,0.011556017564564479,36061013900
137,-0.001941032165171817,0.5465712628323288,-0.2319842265957981,0.6582659707113216,0.004069414454629209,36061014000
138,-0.02396223343744254,0.5798506185450377,-0.8380515923966904,0.03721719642741693,0.007799984383312724,36061014200
139,-0.007636023730310727,0.4444385827737566,-0.713365897853473,0.11146386161907745,0.00375071373059835,36061014401
140,-0.010334534296156266,0.3728699487033084,-0.636393312354777,0.1742785469882993,0.006263182797326897,36061014402
141,0.013300484374071397,0.4360352481344043,0.5486073750344823,0.2596461325282841,0.010134999023385303,36061014500
142,0.004916125100617688,0.2837370990347718,0.3437792503245523,0.5046457577022987,0.006714322768860631,36061014601
143,0.013980072795733748,0.2977998635928566,0.8312866840774609,0.040295131107456014,0.004673922024039273,36061014602
144,-0.029455487620313733,0.4275504820779629,-0.972888030260246,0.0010926239073841765,0.0035011048358735215,36061014700
145,-0.012466561305245,0.48860207880055156,-0.8753882089913807,0.022324655607635517,0.0034422400114480114,36061014801
146,0.022517320205766037,0.4530710765572517,0.8414771033115322,0.035702461900107715,0.007228922457274171,36061014802
147,0.012906369818280005,0.48362507940719035,0.6876123969057342,0.13113669125742022,0.006814180925791676,36061014900
148,0.015269107975451293,0.532674475962367,0.7386185500222238,0.09355156896522222,0.006967917434731274,36061015001
149,0.008975197138348061,0.6508955476262827,0.5455009908955901,0.262911241636491,0.0068947666351950754,36061015002
150,0.02751488695528843,0.15445448340442308,0.9732187069029518,0.0010662522139293247,0.0032496057331378183,36061015100
151,-0.004714851770436971,0.2931665235222295,-0.7236239112502153,0.10402029366014283,0.002248519338625971,36061015200
152,-0.01605515867366456,0.5529492422418263,-0.8859393058136619,0.018772807134896655,0.0042025462094777664,36061015300
153,0.0025193768788208987,0.2849547316909797,0.3752575545832505,0.4635352208666503,0.0031115460002391557,36061015400
154,-0.0001761089891077261,0.4832140829241903,-0.0297782899670964,0.955345767947352,0.0029556917130778605,36061015500
155,0.012216153807384994,0.11376445810344686,0.9234476711366585,0.008566080342423331,0.002538116762967737,36061015601
156,0.00640011224385852,0.1615952520688183,0.45687087326391596,0.3623752460483239,0.006230547346224035,36061015602
157,-9.792704626045185e-05,0.42932906817499705,-0.008418079937299523,0.9873731783637529,0.005816265536430067,36061015700
158,-0.002052808043657861,0.4724039745319148,-0.31287360090095695,0.5460031798586295,0.003115869065315628,36061015801
159,0.004929734827055565,0.19298909066783254,0.5998525564310586,0.20814156539022616,0.003287752013378459,36061015802
160,0.015002127817022303,0.39677273780049716,0.704813378764676,0.11784214805057172,0.00754980064080435,36061015900
161,-0.010927599110195797,0.6602089712829907,-0.6766981363385581,0.13988972520733814,0.005944718891025022,36061016001
162,0.016922480108482397,0.3613980667086053,0.9118368176076382,0.011316485050519845,0.003809657493920631,36061016002
163,-0.00349435128307219,0.40187799807081803,-0.24373006439704786,0.6416442157341817,0.0069523070944032764,36061016100
164,0.017631059446194697,0.037095472443666774,0.8520536913473699,0.03121303280892261,0.005415771157895208,36061016200
165,0.00551241911308937,0.4448383282979777,0.8101026358465027,0.05066756809807432,0.0019947260422303096,36061016300
166,0.024326386016999886,0.019707970165862607,0.9593333311098112,0.0024470401176057382,0.0035789161833733735,36061016400
167,0.02915233996066539,0.4153246432387088,0.9317274490028078,0.006832597828683994,0.0056813366561552295,36061016500
168,0.007093039150190896,0.08335839024430729,0.7196448884124194,0.1068806687810565,0.0034218245849014658,36061016600
169,0.001964714328725995,0.4681462069609295,0.23106985745330932,0.6595640025064977,0.004136289354165071,36061016700
170,0.014274020381462534,0.08795887889082307,0.9375747419017114,0.005723736377775535,0.002647401577908661,36061016800
171,-0.012179230815381525,0.4864239036507786,-0.8552638579908197,0.029906819993546843,0.0036896152766964364,36061016900
172,0.009256365470910823,0.07172176135745245,0.7769078196839203,0.06910351898215718,0.0037507285002752492,36061017000
173,-0.011998389120866265,0.5614967044424283,-0.7666679910072759,0.07531399593288836,0.005024007114145172,36061017100
174,0.00398139405869708,0.05773841817412412,0.7953895602546894,0.05851509584793174,0.001516940421730587,36061017200
175,-0.0047965415807919055,0.40334712725080424,-0.4879621664985576,0.326150372567851,0.004290017237863822,36061017300
176,0.030154988222685437,0.04259806361901107,0.9741746984300304,0.0009918072583816068,0.0034946832093340394,36061017401
177,0.00553666465217289,0.061873322755957,0.3588195986506917,0.4848698835868687,0.007201336229766021,36061017402
178,0.009342837401941953,0.4969590947449756,0.6975966108297987,0.12334465086735873,0.004797942178906128,36061017500
179,-0.014312059843525139,0.34769065474015726,-0.9639967058933004,0.0019210213754708568,0.0019739588483512456,36061017700
180,0.018292440643149152,0.029335343360044695,0.8116398658980947,0.049877844710997814,0.006582770562143814,36061017800
181,0.00936705910553541,0.35808332023479084,0.7999934051785114,0.056003561255793706,0.0035127275996529443,36061017900
182,0.013022552408453202,0.04241885574863262,0.9280213217682122,0.007584936928968611,0.002613761842929729,36061018000
183,-0.003916846260725902,0.3571516787155733,-0.2921277705500815,0.5742732366686814,0.006411562102443353,36061018100
184,0.0025809245534640897,0.01947108361730057,0.4271948600789163,0.3981882686703914,0.002731268428149188,36061018200
185,-0.007088444506553953,0.4134143964233406,-0.574973554499289,0.23258124103875005,0.005043333497948333,36061018300
186,0.023416752759026688,0.024150962152008848,0.982289935524205,0.0004676922267659367,0.002233318377783821,36061018400
187,-0.024292282956933683,0.37695759887682256,-0.9329401826899811,0.006594744006915518,0.00468732348813532,36061018500
188,-0.0047594169075310345,0.05282235461273194,-0.6603854827448842,0.15342179744779894,0.0027059752672627365,36061018600
189,-0.012961365429084661,0.42349832692248846,-0.7422947727611715,0.09106061848643326,0.005850147120842846,36061018700
190,0.0035835696623058855,0.018637348615695788,0.7698968357943272,0.07332950951414069,0.0014852124897427972,36061018800
191,-0.0035772781927369433,0.12604336370907043,-0.669829147235478,0.14552276477191886,0.001982732211332268,36061018900
192,0.0007889939779194689,0.16708302031869113,0.1551676140821212,0.7691165633036239,0.002511599510183875,36061019000
193,-0.0011865058338867039,0.44033013477145866,-0.13255055756463566,0.8023385971254957,0.004436180500974613,36061019100
194,-0.0007776405483028025,0.019740619908457723,-0.4024113286914547,0.42896522156274475,0.0008845402244637684,36061019200
195,-0.011127808168757155,0.1458640695168059,-0.7852226357716511,0.06424020780539327,0.004387602453129468,36061019300
196,7.470591983015025e-05,0.039044434891741045,0.021117105055658243,0.9683290508142881,0.0017684540776563176,36061019400
197,0.001002015678593455,0.35050634062288827,0.12843952046873033,0.8084001340846194,0.0038684211969417267,36061019500
198,-0.010277571609925528,0.059513790623563004,-0.9358863046875584,0.006034077104234496,0.0019344288113215056,36061019600
199,-0.03827235652097916,0.34559590034113047,-0.9642727879659084,0.0018918488112318395,0.00525721527068506,36061019701
200,-0.0017997846915622467,0.15357944374884697,-0.17873589802247833,0.7347511480477154,0.004953685677351738,36061019702
201,-0.012176848390398346,0.22396397833774206,-0.8141834262609456,0.04858377995264443,0.004341756539800142,36061019800
202,-0.005558565337405826,0.31735426461336974,-0.7477902469466801,0.08739313843074589,0.0024676213372307925,36061019900
203,-0.004446478291649251,0.13123777051301935,-0.39702784903592353,0.43575019729603093,0.005139446726762523,36061020000
204,-0.04238966020601979,0.5011032419974505,-0.9636940637902591,0.0019532536975534953,0.005872411623118655,36061020101
205,-0.0051386065150381705,0.12603111924346488,-0.733313151711663,0.09719917822423343,0.0023821286319301548,36061020102
206,-0.012682336509057025,0.22100723969679217,-0.640256490179543,0.1708449154611572,0.007607950064697342,36061020300
207,-0.0196270516466081,0.5816182166687087,-0.7938355805675726,0.05937426944966187,0.00751783316598213,36061020500
208,0.013144110863427457,0.02710027013854633,0.9582303338920745,0.00258061963735662,0.00196152429545919,36061020600
209,-0.01306930504078185,0.33575310446249174,-0.6923287231461568,0.12743009198466262,0.006810766462560655,36061020701
210,0.03173551673676815,0.0300703687667538,0.9790462331299652,0.0006539905349992135,0.0033004366529599733,36061020800
211,-0.0032994063255369368,0.02561638923370883,-0.8320693949338096,0.03993315286738456,0.0010997200551285927,36061020901
212,0.007935124751118159,0.03522840049565799,0.7863087722235554,0.06361691945251878,0.0031174698004298026,36061021000
213,-0.0005692003350048293,0.2297830465467578,-0.14573002628053508,0.7829524123916447,0.0019320787613006834,36061021100
214,-0.00670190679647504,0.0802862088458812,-0.878265437567585,0.021326944810752476,0.0018244334613335578,36061021200
215,-0.011609197244311588,0.06856661760082856,-0.8703915546769743,0.02410891969321685,0.0032835258750135597,36061021303
216,-0.005784738471418298,0.07229132353861518,-0.7580897956536666,0.08070246171271794,0.0024881737472007342,36061021400
217,-0.0007373714421952601,0.04175005604739031,-0.13177095372897257,0.8034875774347079,0.0027735312027540784,36061021500
218,-0.0008361266344824524,0.11359768270630918,-0.10598202322799365,0.8416221702288743,0.003922446384543021,36061021600
219,0.2571428571428572,-0.1428571428571429,0.8783100656536799,0.021311641128756727,0.06998542122237651,36061021703
220,0.006833066010186488,0.04958695416380543,0.9567228602010618,0.002768839131872647,0.0010391862791544416,36061021800
221,-1.3310962259981724e-05,0.023532691516501985,-0.004501934722577731,0.9932471435374259,0.001478345221570685,36061021900
222,0.010502191837898833,0.03925034699565487,0.9365690960530847,0.005907612890040508,0.0019650657078911834,36061022000
223,0.0037162077001546604,0.13311023031519723,0.4497836567252957,0.37082133223028063,0.003689645618654548,36061022102
224,-0.01251892084541853,0.17025228221459288,-0.8720624258634356,0.02350499174384302,0.003512760513891926,36061022200
225,-0.010558488072095026,0.10732861010341016,-0.8254172177262217,0.04305815458175056,0.003610605095415354,36061022301
226,0.006652334881477444,0.012065524865850361,0.9552498576926929,0.002959055091378584,0.0010299721178844926,36061022302
227,0.0021557843119350993,0.016888862812476535,0.43850197150459225,0.38440549468617646,0.0022091902089474147,36061022400
228,-0.004956534770964243,0.0811105507742678,-0.7578302134822085,0.08086813871985128,0.0021336574057871627,36061022500
229,0.003643938038394998,0.12759940552881996,0.36064543415701794,0.4824855462550719,0.004711985219099423,36061022600
230,-0.007811221638941241,0.15246222390736358,-0.5828440371069831,0.2247320940017201,0.005445087933569472,36061022700
231,0.0016583525418962031,0.12673170674511802,0.2995869406667507,0.5640639027327534,0.0026406070219848164,36061022800
232,-0.00316663046358675,0.08384464822376668,-0.7225652457384097,0.10477798184340849,0.00151481149966274,36061022900
233,-0.004491431690947563,0.05949959046324341,-0.6795372041040864,0.13758941702454594,0.0024245167414724098,36061023000
234,-0.003452553618001189,0.10626047711198378,-0.80163484670925,0.055120392230267094,0.0012873597496298162,36061023100
235,0.0007186952048121851,0.02258670900998027,0.3391894011245765,0.5107276753078004,0.0009966254661707117,36061023200
236,-0.012750974140066219,0.1264865588606545,-0.9342764464451148,0.006337428983617501,0.0024330876778300065,36061023300
237,0.012292885826637104,0.07676267344566057,0.9489841841711066,0.003837532972437201,0.002042309010172335,36061023400
238,-0.011168238286614597,0.11649774695575958,-0.6894094382015438,0.12971895385628476,0.005867310020585541,36061023501
239,0.0121646436229476,0.017392499041635017,0.71496935808748,0.11028540400817256,0.0059477940637058845,36061023502
240,0.0012028261757710372,0.0831879883660408,0.14472874772072863,0.7844226522933417,0.004111698889323035,36061023600
241,-0.007855302941643497,0.08394342844111108,-0.8714569498658182,0.023722994905064746,0.0022105544966812877,36061023700
242,0.0008360162944169199,0.20338335030900717,0.10724040350381718,0.839756054096706,0.0038753821375659163,36061023801
243,-0.014229901856118062,0.28770342403323074,-0.5642442616580726,0.24345327798029587,0.010410668093106446,36061023802
244,-0.008869892699727162,0.10768731204005394,-0.7307441079561979,0.09898774726432723,0.004143068243029566,36061023900
245,-0.0035019191609439748,0.15634242900794096,-0.29834552231674605,0.5657595915566258,0.0056016167165104805,36061024100
246,0.0043291673858068015,0.01986390515937636,0.7751303151134676,0.07016414034505326,0.001764331695168393,36061024200
247,0.007095895357553315,0.057816491116107795,0.9454529692671676,0.004381918809727545,0.0012224559033592822,36061024301
248,0.003396312470663835,0.01356238546113059,0.755187324122364,0.08256366020881149,0.00147401410639351,36061024302
249,-0.0021896838795384893,0.06126443561974758,-0.3788562335644344,0.4589046547702122,0.002674438078353471,36061024500
250,0.012633785241326138,0.06363285276898259,0.8791830031521151,0.02101335253933944,0.0034235191931436633,36061024700
251,-0.017954564311683973,0.08463666066078693,-0.9703521635669187,0.0013054611695339717,0.002236062443193836,36061024900
252,-0.0005076769529451123,0.07447508095172879,-0.09203197688104524,0.8623417847980381,0.002746449742377474,36061025100
253,0.015283581212173773,0.0744136776178479,0.9789610156559312,0.0006593019572986924,0.0015927981420844185,36061025300
254,0.004115982501278587,0.1259418351832019,0.4709731551215766,0.3457748903847515,0.003854682384720228,36061025500
255,0.01877680599497164,0.13895678877700052,0.9692906543199863,0.0014001154303044353,0.002381923940645814,36061025700
256,0.00142740974196349,0.13947471898354266,0.15450090514947054,0.7700926514977002,0.004563954909501051,36061025900
257,-0.0037398646343614183,0.04594350345252664,-0.5365761922226663,0.2723796132688244,0.0029407676266110386,36061026100
258,-0.01325979386307519,0.08677788090663452,-0.9718181593346605,0.0011801329785279002,0.0016081993247816404,36061026300
259,0.0002881733718336007,0.17479056758067577,0.0951979946872719,0.8576343814123222,0.0015066734986654959,36061026500
260,0.0032635761443868083,0.11589331054902414,0.3368156865443164,0.5138814654106896,0.004561674928752424,36061026700
261,0.0030087484146874705,0.032906528432810146,0.6211941223650794,0.18806267437269905,0.0018978173195301979,36061026900
262,-0.009639612061583874,0.1780772611885335,-0.8576441376223937,0.028955352920001273,0.002889956969923832,36061027100
263,0.013414809463913168,0.23413492561789798,0.7651998716408666,0.07622425570533367,0.005643203777212737,36061027300
264,0.01386770943572499,0.3348934058554805,0.7406502072060818,0.09217123880144275,0.006290139757061319,36061027500
265,0.003238623357794058,0.01746256360193412,0.7155260730376867,0.10987753736672508,0.0015809745539867965,36061027700
266,-0.01021250347421021,0.11487492595489118,-0.8944110805762331,0.01613492337541244,0.002553355798943179,36061027900
267,-0.004621870874234289,0.36425414941347245,-0.7449543596632232,0.08927727804103591,0.002069469997223863,36061028100
268,-0.016124312924268632,0.1545178602286578,-0.878102177741848,0.021382973917144697,0.004393025756827016,36061028300
269,-0.007732309104516537,0.06199670625557943,-0.8526198410326822,0.030980751208844887,0.002369389405868778,36061028500
270,-0.002268169268588271,0.17811674436255537,-0.5047926009823444,0.30712560570367836,0.0019393865156613458,36061028700
271,-0.0022533261043909455,0.0386038198317855,-0.3967189824448228,0.43614052350504,0.0026069062836150208,36061029100
272,-0.01097041242702053,0.07181755891478442,-0.9225002443054819,0.00877657821259774,0.0022951434670098222,36061029300
273,-0.0011522543946352723,0.17675373053513027,-0.25333315400053014,0.6281294369206311,0.002200001846730215,36061029500
274,-0.004340959003975143,0.03366445623261387,-0.9316075558113301,0.006856335900768223,0.0008468104263168809,36061029900
275,-0.0026846619663227758,0.19439104824915968,-0.8530126339929877,0.030820076625256092,0.0008212650568671332,36061030300
276,0.005865028758320118,0.2858496139562331,0.8162816251580267,0.0475281900547438,0.0020752385292793045,36061030700
277,-0.009603481017178467,0.09364155540818417,-0.8241874820837025,0.04364787607545837,0.003299379753042672,36061030900
278,-0.0019933724355262624,0.42383561894189403,-0.40799047545043077,0.4219705646379431,0.002230348013563489,36061031703
279,-0.022570816088583197,0.41846428605055236,-0.9545531787322526,0.003051187104485252,0.0035236489935356577,36061031704
