GEO.id,GEO.id2,GEO.display-label,HD01_VD01,HD02_VD01,HD01_VD02,HD02_VD02,HD01_VD03,HD02_VD03,HD01_VD04,HD02_VD04,HD01_VD05,HD02_VD05,HD01_VD06,HD02_VD06,HD01_VD07,HD02_VD07,HD01_VD08,HD02_VD08,HD01_VD09,HD02_VD09,HD01_VD10,HD02_VD10,HD01_VD11,HD02_VD11,HD01_VD12,HD02_VD12,HD01_VD13,HD02_VD13,HD01_VD14,HD02_VD14,HD01_VD15,HD02_VD15,HD01_VD16,HD02_VD16,HD01_VD17,HD02_VD17,HD01_VD18,HD02_VD18,HD01_VD19,HD02_VD19,HD01_VD20,HD02_VD20,HD01_VD21,HD02_VD21,HD01_VD22,HD02_VD22,HD01_VD23,HD02_VD23,HD01_VD24,HD02_VD24
Id,Id2,Geography,Estimate; Total:,Margin of Error; Total:,Estimate; With cash rent:,Margin of Error; With cash rent:,Estimate; With cash rent: - Less than $100,Margin of Error; With cash rent: - Less than $100,Estimate; With cash rent: - $100 to $149,Margin of Error; With cash rent: - $100 to $149,Estimate; With cash rent: - $150 to $199,Margin of Error; With cash rent: - $150 to $199,Estimate; With cash rent: - $200 to $249,Margin of Error; With cash rent: - $200 to $249,Estimate; With cash rent: - $250 to $299,Margin of Error; With cash rent: - $250 to $299,Estimate; With cash rent: - $300 to $349,Margin of Error; With cash rent: - $300 to $349,Estimate; With cash rent: - $350 to $399,Margin of Error; With cash rent: - $350 to $399,Estimate; With cash rent: - $400 to $449,Margin of Error; With cash rent: - $400 to $449,Estimate; With cash rent: - $450 to $499,Margin of Error; With cash rent: - $450 to $499,Estimate; With cash rent: - $500 to $549,Margin of Error; With cash rent: - $500 to $549,Estimate; With cash rent: - $550 to $599,Margin of Error; With cash rent: - $550 to $599,Estimate; With cash rent: - $600 to $649,Margin of Error; With cash rent: - $600 to $649,Estimate; With cash rent: - $650 to $699,Margin of Error; With cash rent: - $650 to $699,Estimate; With cash rent: - $700 to $749,Margin of Error; With cash rent: - $700 to $749,Estimate; With cash rent: - $750 to $799,Margin of Error; With cash rent: - $750 to $799,Estimate; With cash rent: - $800 to $899,Margin of Error; With cash rent: - $800 to $899,Estimate; With cash rent: - $900 to $999,Margin of Error; With cash rent: - $900 to $999,"Estimate; With cash rent: - $1,000 to $1,249","Margin of Error; With cash rent: - $1,000 to $1,249","Estimate; With cash rent: - $1,250 to $1,499","Margin of Error; With cash rent: - $1,250 to $1,499","Estimate; With cash rent: - $1,500 to $1,999","Margin of Error; With cash rent: - $1,500 to $1,999","Estimate; With cash rent: - $2,000 or more","Margin of Error; With cash rent: - $2,000 or more",Estimate; No cash rent,Margin of Error; No cash rent
1400000US36061000100,36061000100,"Census Tract 1, New York County, New York",0,11,0,11,0,11,0,11,0,11,0,11,0,11,0,11,0,11,0,11,0,11,0,11,0,11,0,11,0,11,0,11,0,11,0,11,0,11,0,11,0,11,0,11,0,11,0,11
1400000US36061000201,36061000201,"Census Tract 2.01, New York County, New York",921,76,921,76,0,11,19,31,0,11,88,56,42,36,79,59,52,38,0,11,80,55,43,47,33,41,21,26,41,35,0,11,7,11,100,54,83,53,144,74,12,21,7,12,70,40,0,11
1400000US36061000202,36061000202,"Census Tract 2.02, New York County, New York",2786,217,2712,231,0,16,16,25,94,83,320,130,206,102,147,104,60,53,58,55,20,32,184,109,165,127,209,133,87,79,82,66,137,100,135,99,453,185,252,156,23,38,0,16,64,81,74,79
1400000US36061000500,36061000500,"Census Tract 5, New York County, New York",0,11,0,11,0,11,0,11,0,11,0,11,0,11,0,11,0,11,0,11,0,11,0,11,0,11,0,11,0,11,0,11,0,11,0,11,0,11,0,11,0,11,0,11,0,11,0,11
1400000US36061000600,36061000600,"Census Tract 6, New York County, New York",3845,212,3824,220,22,36,15,27,87,101,255,136,479,229,297,166,197,128,167,116,109,93,159,102,160,133,193,185,83,114,112,92,80,70,248,167,237,184,328,194,266,227,96,95,234,130,21,34
1400000US36061000700,36061000700,"Census Tract 7, New York County, New York",3820,365,3666,341,0,16,0,16,0,16,0,16,0,16,0,16,0,16,0,16,0,16,0,16,0,16,0,16,0,16,0,16,0,16,0,16,0,16,11,17,20,33,116,115,3519,336,154,156
1400000US36061000800,36061000800,"Census Tract 8, New York County, New York",3506,192,3480,196,0,18,39,63,29,41,78,92,68,58,91,79,69,54,54,45,13,22,30,50,0,18,164,99,162,110,92,70,159,97,663,193,492,192,722,187,260,130,191,99,104,81,26,29
1400000US36061000900,36061000900,"Census Tract 9, New York County, New York",558,84,532,83,0,11,0,11,0,11,0,11,0,11,0,11,0,11,0,11,0,11,0,11,0,11,0,11,9,14,0,11,0,11,0,11,0,11,2,3,0,11,53,26,468,80,26,28
1400000US36061001001,36061001001,"Census Tract 10.01, New York County, New York",165,70,165,70,0,11,0,11,11,17,0,11,0,11,0,11,0,11,0,11,0,11,0,11,0,11,12,18,0,11,5,8,0,11,37,35,0,11,4,7,20,32,71,66,5,7,0,11
1400000US36061001002,36061001002,"Census Tract 10.02, New York County, New York",2258,129,2247,129,0,16,30,45,27,45,237,119,296,135,328,155,149,99,143,107,78,81,133,99,12,20,148,140,141,91,80,72,37,44,122,68,154,107,66,49,56,70,10,19,0,16,11,17
1400000US36061001200,36061001200,"Census Tract 12, New York County, New York",1077,135,1067,135,0,11,7,13,32,52,114,56,18,19,122,77,43,35,44,43,62,61,51,45,10,16,26,28,12,18,36,41,45,56,0,11,48,36,113,73,43,46,52,31,189,89,10,15
1400000US36061001300,36061001300,"Census Tract 13, New York County, New York",2291,213,2281,213,0,11,10,17,0,11,0,11,0,11,0,11,0,11,0,11,0,11,0,11,0,11,0,11,0,11,0,11,23,36,0,11,0,11,28,42,0,11,61,50,2159,217,10,16
1400000US36061001401,36061001401,"Census Tract 14.01, New York County, New York",344,102,335,98,0,11,0,11,0,11,0,11,0,11,0,11,0,11,0,11,0,11,9,14,72,57,18,29,0,11,0,11,16,20,17,19,0,11,10,17,0,11,27,43,166,87,9,14
1400000US36061001402,36061001402,"Census Tract 14.02, New York County, New York",1239,87,1228,88,0,11,0,11,54,50,148,56,46,36,95,53,59,39,8,11,14,17,32,27,25,24,29,29,69,53,14,22,24,28,101,54,56,48,47,38,123,72,116,50,168,71,11,15
1400000US36061001501,36061001501,"Census Tract 15.01, New York County, New York",1984,272,1913,265,0,16,0,16,13,21,15,25,48,76,14,21,50,47,53,40,16,25,60,75,19,30,143,90,66,73,43,43,129,70,158,123,107,73,112,96,25,30,14,24,828,211,71,57
1400000US36061001502,36061001502,"Census Tract 15.02, New York County, New York",2528,235,2483,234,0,16,0,16,0,16,0,16,0,16,11,18,0,16,0,16,0,16,0,16,0,16,0,16,0,16,0,16,0,16,35,40,0,16,0,16,34,30,200,125,2203,241,45,72
1400000US36061001600,36061001600,"Census Tract 16, New York County, New York",2732,247,2675,248,0,16,0,16,14,29,44,40,50,52,114,79,118,93,77,81,105,73,78,94,46,58,69,96,63,59,18,27,76,54,316,155,208,69,452,169,272,156,216,136,339,141,57,52
1400000US36061001800,36061001800,"Census Tract 18, New York County, New York",2999,176,2976,179,0,16,36,36,8,15,84,82,74,50,75,54,142,97,95,73,0,16,46,54,59,55,90,72,47,56,70,74,29,34,159,95,107,82,366,127,341,168,357,130,791,166,23,28
1400000US36061002000,36061002000,"Census Tract 20, New York County, New York",1870,63,1870,63,0,11,0,11,26,27,392,126,271,91,151,83,94,70,187,84,105,77,71,45,67,57,155,72,85,52,11,18,84,53,15,20,78,58,63,55,15,17,0,11,0,11,0,11
1400000US36061002100,36061002100,"Census Tract 21, New York County, New York",1524,195,1499,189,0,16,0,16,0,16,0,16,0,16,15,25,0,16,0,16,0,16,0,16,0,16,51,63,0,16,0,16,0,16,39,45,17,26,0,16,0,16,100,62,1277,186,25,27
1400000US36061002201,36061002201,"Census Tract 22.01, New York County, New York",2616,177,2559,183,0,16,37,57,0,16,25,41,66,54,139,99,18,29,6,11,87,74,174,91,14,22,95,92,127,105,74,64,40,38,185,90,273,158,612,172,167,74,140,93,280,100,57,87
1400000US36061002202,36061002202,"Census Tract 22.02, New York County, New York",897,80,891,81,0,11,0,11,0,11,27,44,7,13,14,12,0,11,0,11,0,11,0,11,0,11,0,11,0,11,6,10,7,12,9,14,30,26,102,45,24,25,151,69,514,84,6,10
1400000US36061002400,36061002400,"Census Tract 24, New York County, New York",2148,77,2095,98,0,16,8,13,31,36,309,142,109,64,95,95,76,66,113,77,156,96,47,44,76,91,301,132,33,35,15,18,58,69,74,47,134,94,54,46,14,23,22,29,370,119,53,66
1400000US36061002500,36061002500,"Census Tract 25, New York County, New York",1901,72,1901,72,7,11,26,24,48,44,268,109,216,89,205,84,105,58,105,71,76,50,162,99,39,36,144,80,26,29,39,50,58,34,155,87,31,40,123,67,19,21,26,31,23,35,0,16
1400000US36061002601,36061002601,"Census Tract 26.01, New York County, New York",1390,75,1379,79,0,11,0,11,0,11,92,52,43,43,17,27,73,50,40,44,59,41,59,45,10,18,8,13,21,23,51,44,30,28,176,90,86,56,140,70,62,52,138,62,274,99,11,17
1400000US36061002602,36061002602,"Census Tract 26.02, New York County, New York",1545,183,1533,180,0,11,0,11,68,77,82,81,116,74,14,21,22,26,18,32,0,11,0,11,12,20,26,31,0,11,19,29,101,92,100,83,130,88,68,67,56,59,208,129,493,147,12,19
1400000US36061002700,36061002700,"Census Tract 27, New York County, New York",260,64,219,60,0,11,0,11,0,11,0,11,0,11,9,9,26,30,6,9,0,11,6,9,0,11,0,11,0,11,11,14,4,7,11,15,26,28,62,34,5,7,49,34,4,6,41,39
1400000US36061002800,36061002800,"Census Tract 28, New York County, New York",2926,170,2901,171,0,16,0,16,78,79,72,65,82,75,308,135,46,41,135,92,69,69,44,60,63,77,32,36,69,64,42,39,59,56,132,77,164,97,429,134,210,100,474,172,393,136,25,40
1400000US36061002900,36061002900,"Census Tract 29, New York County, New York",1865,193,1795,202,17,27,31,37,30,37,79,70,18,30,73,48,13,21,42,32,55,66,112,104,45,43,89,67,28,31,88,67,55,42,139,89,271,139,184,104,141,93,135,83,150,95,70,55
1400000US36061003001,36061003001,"Census Tract 30.01, New York County, New York",2171,174,2138,185,0,11,10,15,15,25,0,11,0,11,18,30,0,11,0,11,0,11,21,27,16,26,0,11,0,11,0,11,53,43,63,44,161,70,146,69,68,54,603,192,964,210,33,53
1400000US36061003002,36061003002,"Census Tract 30.02, New York County, New York",1626,110,1618,110,7,11,0,11,8,12,70,48,52,41,7,10,45,30,51,51,48,50,37,47,24,22,30,47,25,25,37,32,41,32,92,61,39,28,198,88,130,84,204,74,473,125,8,12
1400000US36061003100,36061003100,"Census Tract 31, New York County, New York",564,70,560,71,0,11,0,11,0,11,0,11,0,11,0,11,0,11,0,11,0,11,14,21,0,11,3,6,5,8,6,10,5,8,13,16,18,19,12,15,40,34,13,21,431,74,4,6
1400000US36061003200,36061003200,"Census Tract 32, New York County, New York",3866,310,3831,314,0,16,0,16,0,16,0,16,0,16,0,16,0,16,36,41,18,30,81,93,82,80,51,49,166,118,84,65,97,110,180,108,179,130,479,212,229,132,745,230,1404,296,35,35
1400000US36061003300,36061003300,"Census Tract 33, New York County, New York",1277,164,1267,165,0,16,0,16,0,16,0,16,0,16,0,16,0,16,0,16,0,16,0,16,0,16,12,19,13,20,34,38,94,76,51,41,40,51,43,51,31,35,52,66,897,180,10,17
1400000US36061003400,36061003400,"Census Tract 34, New York County, New York",3487,238,3487,238,40,60,0,16,0,16,42,50,0,16,22,28,21,35,90,81,0,16,42,48,106,91,20,32,120,81,14,22,46,75,216,96,45,65,328,142,238,113,729,226,1368,229,0,16
1400000US36061003601,36061003601,"Census Tract 36.01, New York County, New York",1259,108,1259,108,0,11,8,14,15,16,47,41,65,36,28,42,45,48,31,28,49,46,67,42,56,47,8,14,13,20,91,57,35,33,35,34,65,50,60,39,55,45,129,61,357,96,0,11
1400000US36061003602,36061003602,"Census Tract 36.02, New York County, New York",1267,106,1250,106,0,11,6,10,9,16,7,10,33,50,0,11,11,13,46,49,13,16,26,42,22,26,20,24,12,20,22,27,46,39,100,40,55,37,103,48,56,59,186,83,477,86,17,28
1400000US36061003700,36061003700,"Census Tract 37, New York County, New York",764,108,681,111,0,11,0,11,13,18,14,20,0,11,0,11,0,11,0,11,0,11,0,11,0,11,20,22,27,27,0,11,13,15,33,27,16,24,72,49,14,18,195,82,264,90,83,75
1400000US36061003800,36061003800,"Census Tract 38, New York County, New York",4599,348,4599,348,0,16,0,16,0,16,53,63,20,33,27,32,53,83,35,58,134,104,116,103,205,180,64,75,42,50,127,97,0,16,123,96,261,190,240,135,468,222,967,260,1664,324,0,16
1400000US36061003900,36061003900,"Census Tract 39, New York County, New York",1693,214,1693,214,0,16,0,16,0,16,35,41,75,77,18,29,0,16,15,24,51,47,51,48,0,16,44,41,34,37,31,36,24,29,0,16,0,16,158,94,248,113,190,119,719,198,0,16
1400000US36061004000,36061004000,"Census Tract 40, New York County, New York",3741,268,3662,285,0,16,14,23,0,16,27,43,0,16,0,16,0,16,21,35,98,100,0,16,32,41,26,42,0,16,77,59,195,181,156,113,207,177,278,147,134,99,788,225,1609,299,79,97
1400000US36061004100,36061004100,"Census Tract 41, New York County, New York",2971,219,2953,222,0,16,11,17,0,16,44,53,91,75,92,75,69,62,99,85,78,51,95,72,51,56,62,53,9,16,85,60,27,30,223,116,170,105,313,146,178,112,339,154,917,248,18,24
1400000US36061004200,36061004200,"Census Tract 42, New York County, New York",934,132,926,134,0,11,36,58,4,9,0,11,47,63,5,11,0,11,18,22,0,11,0,11,0,11,0,11,0,11,26,28,10,15,41,27,12,19,75,45,78,54,50,33,524,98,8,14
1400000US36061004300,36061004300,"Census Tract 43, New York County, New York",2107,216,2107,216,0,11,19,30,39,42,11,17,5,8,0,11,14,21,14,23,13,20,114,83,79,52,100,74,0,11,54,57,15,25,105,96,96,55,113,79,65,54,348,142,903,208,0,11
1400000US36061004400,36061004400,"Census Tract 44, New York County, New York",8014,318,8014,318,0,18,0,18,0,18,0,18,0,18,0,18,14,23,0,18,0,18,0,18,0,18,0,18,0,18,114,109,9,16,0,18,0,18,834,315,1636,402,2412,419,2995,382,0,18
1400000US36061004500,36061004500,"Census Tract 45, New York County, New York",223,68,217,68,0,11,0,11,5,9,0,11,0,11,0,11,0,11,0,11,0,11,0,11,0,11,0,11,2,7,0,11,0,11,19,16,14,15,54,36,0,11,56,46,67,35,6,9
1400000US36061004700,36061004700,"Census Tract 47, New York County, New York",1001,124,991,125,0,11,0,11,12,18,18,22,0,11,9,15,20,24,18,27,0,11,0,11,30,27,0,11,12,18,11,17,11,18,30,27,37,36,214,107,55,42,100,66,414,108,10,17
1400000US36061004800,36061004800,"Census Tract 48, New York County, New York",2103,189,2031,186,0,16,0,16,15,24,14,24,15,23,0,16,0,16,0,16,0,16,0,16,18,30,0,16,68,86,15,22,12,20,49,46,47,36,265,131,252,94,350,108,911,175,72,81
1400000US36061004900,36061004900,"Census Tract 49, New York County, New York",1922,208,1922,208,0,11,31,50,0,11,15,23,52,85,12,17,40,40,16,23,32,36,0,11,9,15,0,11,0,11,34,33,0,11,18,30,42,45,159,89,113,62,385,138,964,185,0,11
1400000US36061005000,36061005000,"Census Tract 50, New York County, New York",1787,196,1688,201,0,16,0,16,0,16,0,16,0,16,0,16,0,16,0,16,0,16,0,16,0,16,0,16,0,16,15,24,0,16,31,35,51,47,127,79,260,120,277,126,927,212,99,54
1400000US36061005200,36061005200,"Census Tract 52, New York County, New York",732,118,711,116,0,11,0,11,0,11,0,11,0,11,0,11,0,11,7,11,0,11,0,11,0,11,0,11,0,11,0,11,0,11,0,11,0,11,69,36,79,46,54,48,502,100,21,33
1400000US36061005400,36061005400,"Census Tract 54, New York County, New York",1225,187,1211,188,0,11,0,11,0,11,0,11,0,11,0,11,0,11,37,43,22,35,0,11,0,11,12,19,0,11,13,21,0,11,33,41,49,80,37,35,75,58,122,77,811,184,14,24
1400000US36061005501,36061005501,"Census Tract 55.01, New York County, New York",1770,183,1770,183,0,16,0,16,0,16,0,16,0,16,0,16,0,16,0,16,0,16,0,16,0,16,0,16,0,16,0,16,0,16,62,63,17,27,213,108,312,115,263,128,903,187,0,16
1400000US36061005502,36061005502,"Census Tract 55.02, New York County, New York",783,112,783,112,7,11,9,14,8,14,0,11,13,20,0,11,0,11,9,15,0,11,0,11,13,20,12,19,22,24,0,11,27,29,0,11,0,11,104,65,33,30,19,22,507,106,0,11
1400000US36061005600,36061005600,"Census Tract 56, New York County, New York",1010,151,978,159,0,11,0,11,14,22,30,36,38,37,49,44,31,48,0,11,0,11,0,11,32,40,0,11,16,27,0,11,0,11,33,52,0,11,24,34,0,11,53,67,658,141,32,38
1400000US36061005700,36061005700,"Census Tract 57, New York County, New York",988,113,933,108,0,11,0,11,0,11,0,11,10,16,0,11,8,13,0,11,0,11,0,11,0,11,0,11,0,11,0,11,0,11,0,11,0,11,0,11,12,19,88,48,815,114,55,43
1400000US36061005800,36061005800,"Census Tract 58, New York County, New York",1898,145,1866,143,0,11,0,11,0,11,0,11,0,11,0,11,0,11,14,23,0,11,0,11,6,19,33,37,15,26,14,25,26,35,21,27,16,27,0,11,86,66,263,156,1372,180,32,37
1400000US36061005900,36061005900,"Census Tract 59, New York County, New York",1091,192,1047,180,0,16,0,16,0,16,0,16,12,19,14,22,0,16,36,56,0,16,17,27,0,16,0,16,25,40,0,16,21,33,15,25,79,64,126,71,60,53,181,97,461,146,44,50
1400000US36061006000,36061006000,"Census Tract 60, New York County, New York",2400,107,2386,110,0,16,0,16,0,16,0,16,0,16,0,16,0,16,0,16,0,16,0,16,0,16,0,16,0,16,14,23,0,16,0,16,0,16,194,98,212,97,610,167,1356,192,14,23
1400000US36061006100,36061006100,"Census Tract 61, New York County, New York",1136,187,1136,187,0,11,0,11,0,11,0,11,0,11,0,11,0,11,0,11,0,11,0,11,0,11,0,11,45,58,0,11,43,50,0,11,27,32,13,22,53,50,99,76,856,149,0,11
1400000US36061006200,36061006200,"Census Tract 62, New York County, New York",1311,83,1301,83,0,11,0,11,0,11,0,11,32,51,0,11,9,13,9,14,0,11,0,11,0,11,0,11,0,11,0,11,0,11,17,20,9,14,65,52,72,44,285,83,803,124,10,15
1400000US36061006300,36061006300,"Census Tract 63, New York County, New York",2443,284,2398,294,0,16,14,21,0,16,0,16,13,22,29,33,0,16,0,16,0,16,0,16,15,25,28,32,0,16,0,16,32,38,47,77,64,51,156,86,184,108,236,107,1580,290,45,45
1400000US36061006400,36061006400,"Census Tract 64, New York County, New York",3211,302,3177,300,0,16,0,16,0,16,54,67,0,16,21,34,0,16,13,22,21,34,0,16,32,39,0,16,0,16,22,36,24,44,33,52,112,100,248,153,335,140,310,139,1952,319,34,46
1400000US36061006500,36061006500,"Census Tract 65, New York County, New York",2699,218,2642,207,0,16,0,16,12,20,0,16,0,16,0,16,0,16,46,72,18,30,0,16,11,19,24,40,44,43,65,54,28,36,54,44,100,51,75,55,221,124,611,158,1333,216,57,75
1400000US36061006600,36061006600,"Census Tract 66, New York County, New York",4498,482,4498,482,52,84,59,98,52,85,450,372,164,157,186,147,59,76,0,18,58,97,79,79,51,82,52,85,0,18,173,212,65,81,201,122,164,156,523,350,243,113,708,266,1159,387,0,18
1400000US36061006700,36061006700,"Census Tract 67, New York County, New York",2584,283,2505,269,0,11,0,11,0,11,0,11,0,11,0,11,0,11,0,11,0,11,0,11,16,23,72,81,98,89,19,30,15,26,79,57,118,117,109,63,34,33,443,146,1502,258,79,84
1400000US36061006800,36061006800,"Census Tract 68, New York County, New York",2812,280,2752,275,0,16,17,28,0,16,139,112,58,71,120,130,46,55,0,16,25,40,17,27,0,16,23,31,0,16,0,16,0,16,17,29,80,75,266,192,113,91,368,160,1463,276,60,90
1400000US36061006900,36061006900,"Census Tract 69, New York County, New York",754,119,735,122,0,11,0,11,0,11,0,11,0,11,0,11,0,11,0,11,0,11,9,15,0,11,0,11,0,11,0,11,0,11,0,11,4,7,62,54,31,25,0,11,629,116,19,20
1400000US36061007000,36061007000,"Census Tract 70, New York County, New York",3676,383,3576,396,0,16,0,16,0,16,21,34,11,18,7,14,0,16,0,16,14,24,0,16,52,62,26,40,24,39,13,21,43,53,47,55,151,119,163,99,93,83,831,284,2080,341,100,139
1400000US36061007100,36061007100,"Census Tract 71, New York County, New York",2311,257,2259,257,0,16,0,16,0,16,0,16,13,21,16,26,13,20,25,28,16,28,44,56,12,19,0,16,0,16,14,21,0,16,76,78,94,74,144,88,168,79,422,152,1202,191,52,81
1400000US36061007200,36061007200,"Census Tract 72, New York County, New York",3022,351,2949,338,0,16,0,16,0,16,0,16,0,16,0,16,0,16,0,16,0,16,0,16,0,16,0,16,0,16,26,41,0,16,65,108,0,16,172,102,0,16,438,236,2248,368,73,71
1400000US36061007300,36061007300,"Census Tract 73, New York County, New York",2923,344,2894,344,0,16,0,16,0,16,0,16,0,16,0,16,39,33,14,23,11,17,13,22,0,16,20,32,24,27,33,41,33,41,230,136,79,52,310,147,244,108,496,225,1348,260,29,48
1400000US36061007400,36061007400,"Census Tract 74, New York County, New York",1489,218,1460,214,0,11,0,11,0,11,0,11,26,41,0,11,21,32,0,11,0,11,19,34,0,11,0,11,50,64,0,11,0,11,15,29,0,11,0,11,99,69,96,82,1134,206,29,35
1400000US36061007500,36061007500,"Census Tract 75, New York County, New York",1530,228,1463,213,0,11,0,11,0,11,0,11,0,11,0,11,0,11,0,11,0,11,0,11,0,11,26,38,50,72,0,11,0,11,16,26,75,42,86,91,146,81,330,145,734,183,67,107
1400000US36061007600,36061007600,"Census Tract 76, New York County, New York",942,113,942,113,0,11,0,11,0,11,0,11,5,11,0,11,0,11,0,11,45,46,13,20,17,21,35,23,39,34,12,18,10,16,15,18,14,17,0,11,56,40,79,51,602,122,0,11
1400000US36061007700,36061007700,"Census Tract 77, New York County, New York",2591,297,2576,298,0,16,0,16,0,16,0,16,0,16,0,16,0,16,0,16,0,16,37,41,0,16,0,16,20,32,0,16,11,19,59,68,59,55,122,74,218,137,513,174,1537,296,15,23
1400000US36061007800,36061007800,"Census Tract 78, New York County, New York",2828,355,2828,355,0,16,0,16,0,16,41,47,137,176,33,53,0,16,12,21,24,40,0,16,0,16,88,109,20,32,70,63,0,16,76,94,19,32,126,86,130,69,277,157,1775,281,0,16
1400000US36061007900,36061007900,"Census Tract 79, New York County, New York",1810,216,1714,208,0,11,0,11,46,72,0,11,0,11,44,40,0,11,18,28,0,11,0,11,18,29,15,25,23,27,33,39,99,77,30,37,115,95,175,102,32,37,58,73,1008,174,96,88
1400000US36061008000,36061008000,"Census Tract 80, New York County, New York",1826,232,1795,230,0,11,0,11,0,11,0,11,0,11,0,11,0,11,0,11,20,30,0,11,18,27,0,11,0,11,74,97,14,22,27,29,65,45,135,101,103,91,310,123,1029,200,31,35
1400000US36061008100,36061008100,"Census Tract 81, New York County, New York",3251,378,3133,392,0,16,0,16,0,16,27,44,0,16,0,16,22,37,0,16,0,16,32,51,63,59,21,33,76,63,47,76,52,58,134,112,115,72,561,257,141,100,561,218,1281,355,118,143
1400000US36061008200,36061008200,"Census Tract 82, New York County, New York",973,149,937,158,0,11,0,11,0,11,0,11,0,11,0,11,0,11,0,11,0,11,0,11,0,11,0,11,0,11,0,11,0,11,56,49,17,48,69,66,16,25,123,78,656,144,36,42
1400000US36061008300,36061008300,"Census Tract 83, New York County, New York",1746,180,1746,180,0,11,0,11,0,11,135,99,79,67,59,60,97,87,24,31,60,48,38,34,43,44,85,66,42,41,16,26,22,28,126,82,107,77,86,58,116,70,132,89,479,144,0,11
1400000US36061008400,36061008400,"Census Tract 84, New York County, New York",788,105,783,105,0,11,0,11,0,11,0,11,0,11,0,11,0,11,0,11,0,11,0,11,0,11,57,64,0,11,0,11,8,13,33,30,14,15,44,61,9,16,18,17,600,102,5,8
1400000US36061008601,36061008601,"Census Tract 86.01, New York County, New York",980,118,961,114,0,11,0,11,0,11,0,11,0,11,0,11,0,11,0,11,0,11,0,11,0,11,0,11,0,11,0,11,23,30,14,21,0,11,25,26,0,11,18,18,881,124,19,22
1400000US36061008602,36061008602,"Census Tract 86.02, New York County, New York",0,11,0,11,0,11,0,11,0,11,0,11,0,11,0,11,0,11,0,11,0,11,0,11,0,11,0,11,0,11,0,11,0,11,0,11,0,11,0,11,0,11,0,11,0,11,0,11
1400000US36061008603,36061008603,"Census Tract 86.03, New York County, New York",820,166,804,164,0,11,0,11,0,11,0,11,0,11,0,11,0,11,29,34,0,11,0,11,0,11,0,11,0,11,0,11,0,11,0,11,34,38,32,37,0,11,178,108,531,133,16,26
1400000US36061008700,36061008700,"Census Tract 87, New York County, New York",2804,341,2732,344,0,16,0,16,20,31,0,16,0,16,0,16,0,16,26,41,0,16,27,44,0,16,47,58,45,50,0,16,49,56,25,41,33,52,286,209,201,130,297,198,1676,283,72,90
1400000US36061008800,36061008800,"Census Tract 88, New York County, New York",2580,373,2539,378,0,16,0,16,0,16,0,16,0,16,0,16,0,16,0,16,0,16,0,16,10,16,0,16,0,16,0,16,57,67,37,47,25,39,197,112,308,197,721,196,1184,315,41,44
1400000US36061008900,36061008900,"Census Tract 89, New York County, New York",2154,281,2054,293,0,16,0,16,15,25,59,53,5,17,26,30,33,38,64,57,42,47,32,36,0,16,9,16,17,28,16,26,64,48,59,50,110,65,177,84,185,139,308,128,833,218,100,77
1400000US36061009000,36061009000,"Census Tract 90, New York County, New York",3044,360,3001,351,0,16,0,16,28,44,11,18,24,29,0,16,29,47,0,16,0,16,34,53,0,16,13,21,29,47,0,16,0,16,0,16,69,71,229,152,179,119,577,191,1779,323,43,56
1400000US36061009100,36061009100,"Census Tract 91, New York County, New York",2887,245,2845,259,15,23,0,16,38,62,35,30,0,16,0,16,0,16,103,82,19,29,116,90,17,29,61,75,50,65,14,23,31,37,56,61,99,85,364,154,115,84,441,159,1271,273,42,48
1400000US36061009200,36061009200,"Census Tract 92, New York County, New York",1024,102,1024,102,0,11,0,11,0,11,0,11,0,11,8,12,0,11,0,11,8,13,9,15,0,11,0,11,8,13,29,27,31,27,8,12,0,11,23,22,39,25,181,65,680,106,0,11
1400000US36061009300,36061009300,"Census Tract 93, New York County, New York",2845,416,2792,410,0,16,0,16,0,16,63,80,57,73,0,16,0,16,189,190,0,16,0,16,177,187,54,58,69,80,22,37,140,108,44,74,40,40,137,116,283,197,614,244,903,274,53,58
1400000US36061009400,36061009400,"Census Tract 94, New York County, New York",20,13,20,13,0,11,0,11,0,11,0,11,0,11,0,11,0,11,0,11,0,11,0,11,0,11,0,11,9,13,0,11,4,6,0,11,0,11,0,11,0,11,0,11,7,8,0,11
1400000US36061009500,36061009500,"Census Tract 95, New York County, New York",741,109,717,109,0,11,0,11,13,20,0,11,0,11,0,11,15,24,0,11,0,11,0,11,0,11,7,11,0,11,0,11,6,9,17,19,15,17,74,57,54,41,132,55,384,87,24,38
1400000US36061009600,36061009600,"Census Tract 96, New York County, New York",109,61,97,58,0,11,0,11,0,11,0,11,0,11,0,11,0,11,0,11,30,48,0,11,0,11,0,11,0,11,0,11,0,11,0,11,0,11,0,11,21,17,23,19,23,20,12,19
1400000US36061009700,36061009700,"Census Tract 97, New York County, New York",1794,235,1772,240,0,11,0,11,0,11,172,108,72,80,19,30,0,11,59,59,51,51,58,56,53,60,51,51,8,13,75,59,144,103,197,138,67,68,152,86,74,67,189,108,331,154,22,35
1400000US36061009800,36061009800,"Census Tract 98, New York County, New York",2557,335,2499,330,0,16,0,16,27,45,0,16,0,16,44,69,0,16,0,16,0,16,0,16,15,26,0,16,0,16,0,16,0,16,211,143,55,59,191,142,36,48,801,262,1119,263,58,62
1400000US36061009900,36061009900,"Census Tract 99, New York County, New York",2029,167,2029,167,0,11,0,11,0,11,0,11,0,11,0,11,0,11,0,11,0,11,9,15,21,23,37,46,90,46,66,44,20,22,83,47,55,46,76,58,12,16,69,53,1491,173,0,11
1400000US36061010000,36061010000,"Census Tract 100, New York County, New York",978,122,963,125,0,11,0,11,0,11,0,11,0,11,0,11,0,11,0,11,11,18,0,11,16,20,19,21,12,20,14,22,0,11,0,11,17,29,12,18,48,48,253,97,561,123,15,11
1400000US36061010100,36061010100,"Census Tract 101, New York County, New York",703,79,698,78,0,11,0,11,0,11,12,19,5,7,3,5,0,11,0,11,0,11,18,22,5,9,26,32,36,24,39,29,15,14,13,17,0,11,2,7,20,18,26,15,478,73,5,9
1400000US36061010200,36061010200,"Census Tract 102, New York County, New York",88,58,88,58,0,11,0,11,0,11,0,11,0,11,0,11,0,11,0,11,0,11,0,11,0,11,0,11,0,11,0,11,0,11,0,11,0,11,8,12,0,11,0,11,80,57,0,11
1400000US36061010300,36061010300,"Census Tract 103, New York County, New York",1071,110,1071,110,0,11,0,11,0,11,8,12,14,22,0,11,0,11,2,5,0,11,0,11,10,15,17,25,0,11,38,51,0,11,68,58,13,16,83,70,20,31,178,71,620,102,0,11
1400000US36061010400,36061010400,"Census Tract 104, New York County, New York",363,75,354,74,0,11,0,11,5,7,0,11,0,11,0,11,0,11,0,11,0,11,0,11,7,12,7,10,4,6,5,7,0,11,0,11,10,11,17,18,54,36,86,42,159,46,9,9
1400000US36061010601,36061010601,"Census Tract 106.01, New York County, New York",1524,294,1448,298,0,16,0,16,0,16,0,16,0,16,0,16,0,16,0,16,0,16,0,16,0,16,0,16,0,16,0,16,0,16,0,16,27,44,115,91,41,51,136,109,1129,290,76,72
1400000US36061010602,36061010602,"Census Tract 106.02, New York County, New York",1800,230,1731,230,0,11,0,11,0,11,0,11,0,11,13,22,0,11,0,11,0,11,0,11,0,11,0,11,9,15,10,20,0,11,23,29,37,36,78,83,161,93,275,128,1125,216,69,75
1400000US36061010800,36061010800,"Census Tract 108, New York County, New York",2909,373,2854,369,0,16,0,16,0,16,24,39,0,16,0,16,16,27,0,16,0,16,20,34,52,61,0,16,0,16,0,16,17,27,48,56,0,16,155,125,271,183,696,238,1555,281,55,52
1400000US36061010900,36061010900,"Census Tract 109, New York County, New York",66,24,60,25,0,11,0,11,0,11,0,11,0,11,0,11,0,11,0,11,0,11,0,11,0,11,0,11,0,11,0,11,0,11,0,11,0,11,0,11,0,11,10,14,50,23,6,11
1400000US36061011000,36061011000,"Census Tract 110, New York County, New York",3568,348,3545,347,29,48,55,49,0,16,0,16,17,28,0,16,12,18,0,16,0,16,0,16,0,16,20,32,0,16,16,25,13,21,70,65,89,74,100,81,244,132,1202,362,1678,301,23,36
1400000US36061011100,36061011100,"Census Tract 111, New York County, New York",2025,186,1982,194,0,11,0,11,10,15,41,33,0,11,43,63,0,11,22,35,0,11,0,11,37,33,12,18,88,78,33,32,92,70,97,54,34,31,118,61,12,19,301,106,1042,183,43,52
1400000US36061011201,36061011201,"Census Tract 112.01, New York County, New York",485,74,480,74,0,11,0,11,0,11,9,13,0,11,0,11,0,11,0,11,0,11,0,11,0,11,0,11,8,13,0,11,0,11,0,11,5,7,12,12,23,23,50,28,373,76,5,8
1400000US36061011202,36061011202,"Census Tract 112.02, New York County, New York",38,29,38,29,0,11,0,11,0,11,0,11,0,11,0,11,0,11,0,11,0,11,0,11,0,11,0,11,0,11,0,11,0,11,0,11,0,11,4,6,0,11,0,11,34,28,0,11
1400000US36061011203,36061011203,"Census Tract 112.03, New York County, New York",418,83,418,83,0,11,0,11,0,11,0,11,4,10,0,11,0,11,0,11,0,11,11,17,0,11,0,11,16,25,8,12,0,11,8,13,6,9,7,9,19,16,33,22,306,69,0,11
1400000US36061011300,36061011300,"Census Tract 113, New York County, New York",39,17,39,17,0,11,0,11,0,11,0,11,0,11,0,11,0,11,0,11,4,6,0,11,0,11,0,11,0,11,0,11,0,11,0,11,0,11,0,11,0,11,14,16,21,12,0,11
1400000US36061011401,36061011401,"Census Tract 114.01, New York County, New York",373,89,373,89,0,11,0,11,0,11,0,11,0,11,0,11,0,11,0,11,0,11,0,11,0,11,0,11,0,11,24,29,0,11,0,11,0,11,30,20,31,23,118,62,170,60,0,11
1400000US36061011402,36061011402,"Census Tract 114.02, New York County, New York",476,101,454,98,0,11,0,11,0,11,0,11,0,11,0,11,10,15,0,11,0,11,0,11,0,11,0,11,0,11,19,20,27,43,0,11,9,14,23,24,14,17,101,49,251,86,22,26
1400000US36061011500,36061011500,"Census Tract 115, New York County, New York",1076,116,1023,112,0,11,0,11,0,11,16,25,9,14,9,15,0,11,0,11,9,13,10,16,34,28,30,35,38,38,18,21,17,28,15,17,67,41,50,31,32,23,107,54,562,105,53,55
1400000US36061011600,36061011600,"Census Tract 116, New York County, New York",1700,207,1624,215,0,11,0,11,0,11,0,11,0,11,0,11,0,11,0,11,0,11,0,11,0,11,0,11,20,31,57,54,61,51,126,72,134,80,397,170,160,89,363,136,306,106,76,94
1400000US36061011700,36061011700,"Census Tract 117, New York County, New York",2027,219,2027,219,0,11,0,11,0,11,0,11,0,11,0,11,0,11,0,11,0,11,16,25,32,37,14,23,76,61,79,72,39,46,58,42,88,68,204,106,45,38,18,27,1358,229,0,11
1400000US36061011800,36061011800,"Census Tract 118, New York County, New York",3732,347,3634,347,0,16,34,56,0,16,0,16,0,16,13,22,0,16,0,16,17,28,0,16,26,42,18,29,0,16,0,16,17,27,65,77,27,44,350,164,197,140,593,188,2277,365,98,100
1400000US36061011900,36061011900,"Census Tract 119, New York County, New York",1029,69,1029,69,9,14,8,12,0,11,343,108,132,62,90,56,15,2,0,11,0,11,15,17,50,52,51,62,47,40,102,73,86,49,40,41,0,11,0,11,17,19,8,13,16,18,0,11
1400000US36061012000,36061012000,"Census Tract 120, New York County, New York",593,150,536,135,0,11,0,11,0,11,0,11,0,11,0,11,0,11,0,11,0,11,0,11,0,11,0,11,0,11,22,35,0,11,13,21,0,11,18,31,0,11,98,74,385,118,57,64
1400000US36061012100,36061012100,"Census Tract 121, New York County, New York",4735,363,4710,364,0,16,0,16,0,16,156,104,182,126,119,77,63,59,52,60,43,52,168,115,48,80,137,140,128,91,77,59,54,65,79,86,357,184,506,194,251,162,696,256,1594,334,25,30
1400000US36061012200,36061012200,"Census Tract 122, New York County, New York",621,169,548,170,0,11,0,11,0,11,0,11,0,11,0,11,0,11,0,11,0,11,0,11,0,11,0,11,0,11,0,11,0,11,0,11,0,11,0,11,14,22,130,77,404,146,73,66
1400000US36061012400,36061012400,"Census Tract 124, New York County, New York",4109,418,4109,418,0,18,0,18,0,18,0,18,13,21,0,18,29,49,27,43,0,18,10,16,85,92,0,18,92,114,0,18,0,18,63,61,89,90,298,143,208,126,1015,253,2180,384,0,18
1400000US36061012500,36061012500,"Census Tract 125, New York County, New York",1341,137,1314,131,0,11,0,11,0,11,16,20,37,33,7,13,0,11,0,11,16,20,6,9,15,19,12,20,40,44,66,43,25,30,55,45,23,24,0,11,13,19,35,29,948,130,27,31
1400000US36061012600,36061012600,"Census Tract 126, New York County, New York",4338,628,4078,620,0,18,0,18,0,18,155,182,0,18,0,18,0,18,0,18,0,18,0,18,0,18,0,18,15,24,0,18,0,18,102,98,92,110,629,426,563,307,983,361,1539,364,260,178
1400000US36061012700,36061012700,"Census Tract 127, New York County, New York",3269,325,3106,324,0,16,0,16,0,16,21,40,40,64,22,36,0,16,0,16,22,39,0,16,0,16,36,48,22,35,182,159,93,72,59,59,106,95,131,107,426,233,855,287,1091,265,163,125
1400000US36061012800,36061012800,"Census Tract 128, New York County, New York",903,205,815,199,0,16,0,16,0,16,0,16,0,16,0,16,0,16,0,16,0,16,0,16,36,55,0,16,0,16,0,16,16,25,0,16,0,16,0,16,0,16,268,147,495,159,88,82
1400000US36061012900,36061012900,"Census Tract 129, New York County, New York",2222,197,2168,189,0,16,0,16,0,16,0,16,0,16,0,16,28,37,20,41,78,72,15,25,0,16,47,47,61,69,31,37,0,16,93,70,47,47,149,72,112,75,252,115,1235,242,54,55
1400000US36061013000,36061013000,"Census Tract 130, New York County, New York",602,154,542,149,0,11,0,11,0,11,0,11,0,11,0,11,0,11,0,11,0,11,0,11,0,11,10,18,0,11,0,11,0,11,35,34,19,32,73,35,52,42,240,129,113,76,60,58
1400000US36061013100,36061013100,"Census Tract 131, New York County, New York",1578,121,1534,117,0,11,0,11,32,44,142,64,61,41,18,24,0,11,16,16,11,17,0,11,0,11,0,11,0,11,25,30,49,36,38,33,0,11,82,52,33,32,122,60,905,127,44,55
1400000US36061013200,36061013200,"Census Tract 132, New York County, New York",4652,512,4491,522,0,16,0,16,17,28,0,16,0,16,39,63,0,16,43,71,0,16,0,16,115,170,80,122,66,70,0,16,0,16,55,71,13,21,191,191,512,292,1499,423,1861,482,161,132
1400000US36061013300,36061013300,"Census Tract 133, New York County, New York",2612,257,2583,254,0,16,0,16,0,16,94,77,49,58,20,32,52,64,30,36,7,12,7,13,0,16,49,45,28,44,16,26,18,27,90,66,84,55,107,59,166,85,465,147,1301,190,29,32
1400000US36061013400,36061013400,"Census Tract 134, New York County, New York",4197,509,3977,533,0,18,0,18,0,18,0,18,0,18,0,18,0,18,61,98,0,18,0,18,91,98,41,66,55,83,39,63,62,76,238,173,157,196,173,146,288,159,1208,336,1564,382,220,250
1400000US36061013500,36061013500,"Census Tract 135, New York County, New York",3487,249,3416,238,0,16,13,21,73,50,131,68,125,75,101,84,58,57,99,81,11,18,56,69,57,41,98,69,86,76,125,86,181,85,171,92,65,46,217,83,141,78,104,91,1504,250,71,72
1400000US36061013600,36061013600,"Census Tract 136, New York County, New York",6220,523,6086,527,0,18,0,18,0,18,0,18,0,18,0,18,0,18,76,72,97,114,0,18,0,18,124,182,0,18,48,75,0,18,0,18,160,138,268,177,706,326,1739,438,2868,528,134,125
1400000US36061013700,36061013700,"Census Tract 137, New York County, New York",2759,369,2711,357,0,16,24,38,0,16,54,60,0,16,0,16,0,16,0,16,16,25,0,16,13,21,0,16,0,16,0,16,0,16,24,40,48,67,86,74,88,71,368,166,1990,331,48,55
1400000US36061013800,36061013800,"Census Tract 138, New York County, New York",5372,465,5277,465,50,76,0,18,0,18,0,18,0,18,17,29,47,73,0,18,45,73,0,18,0,18,0,18,97,132,147,218,16,27,258,158,178,118,153,117,154,116,1206,386,2909,551,95,109
1400000US36061013900,36061013900,"Census Tract 139, New York County, New York",3967,610,3889,632,0,16,0,16,0,16,0,16,0,16,0,16,12,19,44,74,14,22,36,54,67,81,53,74,0,16,14,24,0,16,113,107,107,112,528,329,183,135,836,323,1882,510,78,93
1400000US36061014000,36061014000,"Census Tract 140, New York County, New York",1857,229,1729,219,0,16,0,16,0,16,0,16,0,16,0,16,0,16,0,16,0,16,0,16,36,42,0,16,17,28,49,74,19,30,30,33,0,16,97,64,29,33,419,151,1033,212,128,99
1400000US36061014200,36061014200,"Census Tract 142, New York County, New York",671,139,661,142,0,11,0,11,0,11,0,11,0,11,20,31,10,17,0,11,0,11,16,26,0,11,8,18,0,11,18,29,0,11,0,11,0,11,81,86,38,44,128,76,342,130,10,19
1400000US36061014300,36061014300,"Census Tract 143, New York County, New York",0,11,0,11,0,11,0,11,0,11,0,11,0,11,0,11,0,11,0,11,0,11,0,11,0,11,0,11,0,11,0,11,0,11,0,11,0,11,0,11,0,11,0,11,0,11,0,11
1400000US36061014401,36061014401,"Census Tract 144.01, New York County, New York",1431,180,1377,184,0,11,0,11,0,11,0,11,0,11,20,32,0,11,0,11,0,11,16,24,19,31,0,11,0,11,16,26,12,18,56,44,0,11,85,69,86,60,292,134,775,190,54,58
1400000US36061014402,36061014402,"Census Tract 144.02, New York County, New York",2893,234,2776,222,0,16,0,16,0,16,18,28,0,16,0,16,0,16,15,23,9,14,0,16,0,16,0,16,21,32,16,26,75,103,126,100,79,68,168,124,153,75,748,198,1348,240,117,90
1400000US36061014500,36061014500,"Census Tract 145, New York County, New York",1731,215,1696,215,0,16,0,16,0,16,0,16,0,16,0,16,0,16,37,60,0,16,29,34,0,16,0,16,23,28,0,16,0,16,30,35,17,26,67,51,39,35,33,35,1421,208,35,33
1400000US36061014601,36061014601,"Census Tract 146.01, New York County, New York",2278,175,2215,175,0,11,0,11,0,11,0,11,0,11,0,11,0,11,0,11,27,42,0,11,0,11,0,11,0,11,47,62,0,11,17,28,0,11,87,59,58,48,720,168,1259,228,63,54
1400000US36061014602,36061014602,"Census Tract 146.02, New York County, New York",3577,336,3577,336,0,16,0,16,0,16,0,16,0,16,0,16,0,16,0,16,0,16,0,16,81,75,51,66,32,39,138,117,12,20,116,136,20,33,190,162,259,129,866,263,1812,299,0,16
1400000US36061014700,36061014700,"Census Tract 147, New York County, New York",1217,120,1189,127,0,11,0,11,0,11,0,11,0,11,0,11,0,11,0,11,0,11,0,11,0,11,0,11,0,11,10,16,6,10,0,11,10,17,71,58,241,96,45,38,806,115,28,45
1400000US36061014801,36061014801,"Census Tract 148.01, New York County, New York",935,101,894,104,0,11,0,11,0,11,13,15,0,11,0,11,28,34,0,11,0,11,0,11,5,8,0,11,8,14,0,11,0,11,17,19,11,18,14,17,15,18,205,71,578,100,41,38
1400000US36061014802,36061014802,"Census Tract 148.02, New York County, New York",1954,186,1928,185,0,16,0,16,13,21,0,16,0,16,51,63,0,16,0,16,0,16,0,16,48,63,0,16,0,16,0,16,0,16,13,21,113,102,123,61,83,50,537,162,947,181,26,31
1400000US36061014900,36061014900,"Census Tract 149, New York County, New York",1889,257,1748,252,0,16,0,16,15,25,0,16,0,16,0,16,0,16,0,16,17,28,29,32,0,16,0,16,0,16,16,25,47,76,0,16,16,25,16,26,62,59,338,151,1192,226,141,121
1400000US36061015001,36061015001,"Census Tract 150.01, New York County, New York",439,93,418,91,0,11,0,11,0,11,0,11,0,11,0,11,0,11,0,11,0,11,0,11,0,11,0,11,0,11,0,11,0,11,0,11,12,18,15,23,66,34,83,56,242,78,21,24
1400000US36061015002,36061015002,"Census Tract 150.02, New York County, New York",663,153,607,149,0,16,0,16,0,16,0,16,0,16,0,16,0,16,0,16,0,16,0,16,0,16,0,16,0,16,0,16,0,16,0,16,0,16,51,72,141,83,49,47,366,136,56,50
1400000US36061015100,36061015100,"Census Tract 151, New York County, New York",3555,352,3555,352,0,16,139,142,57,57,265,170,73,77,56,70,81,92,140,123,37,44,47,53,131,101,0,16,132,95,140,165,122,90,24,34,141,164,97,92,38,57,201,139,1634,334,0,16
1400000US36061015200,36061015200,"Census Tract 152, New York County, New York",2949,167,2898,174,17,28,68,83,55,68,279,128,87,78,105,66,137,90,52,50,38,34,166,119,64,74,85,55,48,45,26,31,60,69,62,79,28,33,177,107,115,121,290,110,939,175,51,39
1400000US36061015300,36061015300,"Census Tract 153, New York County, New York",2813,305,2767,306,0,16,0,16,0,16,55,74,26,42,0,16,22,36,0,16,23,39,26,41,48,60,26,43,0,16,0,16,0,16,39,46,56,62,210,127,386,175,250,135,1600,258,46,53
1400000US36061015400,36061015400,"Census Tract 154, New York County, New York",5557,555,5557,555,0,18,0,18,144,224,50,78,52,82,0,18,0,18,0,18,0,18,105,99,90,111,68,79,193,257,15,26,55,91,103,101,91,89,687,365,276,187,1572,441,2056,532,0,18
1400000US36061015500,36061015500,"Census Tract 155, New York County, New York",2112,330,2035,300,0,16,0,16,0,16,0,16,15,24,0,16,0,16,0,16,0,16,0,16,0,16,0,16,0,16,0,16,26,42,15,24,0,16,348,157,170,131,261,173,1200,267,77,97
1400000US36061015601,36061015601,"Census Tract 156.01, New York County, New York",2870,164,2870,164,14,21,12,19,0,16,0,16,0,16,0,16,13,20,13,21,0,16,0,16,14,22,32,49,24,28,0,16,109,99,0,16,27,29,245,103,195,90,686,175,1486,205,0,16
1400000US36061015602,36061015602,"Census Tract 156.02, New York County, New York",896,101,890,101,0,11,0,11,10,16,53,37,18,22,21,24,35,31,13,20,0,11,31,49,0,11,58,48,22,24,23,27,53,42,53,55,111,82,67,49,27,30,98,51,197,83,6,10
1400000US36061015700,36061015700,"Census Tract 157, New York County, New York",3653,477,3633,477,16,26,0,18,0,18,10,18,0,18,0,18,0,18,41,63,44,66,113,120,33,52,85,86,15,23,52,85,51,67,58,59,77,78,473,238,209,158,687,342,1669,372,20,32
1400000US36061015801,36061015801,"Census Tract 158.01, New York County, New York",1307,187,1216,183,0,16,0,16,0,16,0,16,26,38,0,16,0,16,0,16,0,16,0,16,24,29,28,31,0,16,0,16,40,65,0,16,0,16,38,45,92,78,343,127,625,149,91,76
1400000US36061015802,36061015802,"Census Tract 158.02, New York County, New York",1795,113,1795,113,0,11,0,11,8,13,0,11,10,16,0,11,7,10,0,11,0,11,7,10,26,24,25,22,23,25,57,56,34,20,95,76,49,60,84,53,92,57,154,103,1124,117,0,11
1400000US36061015900,36061015900,"Census Tract 159, New York County, New York",2153,367,2053,372,0,16,0,16,0,16,0,16,0,16,0,16,30,46,0,16,0,16,0,16,0,16,0,16,0,16,0,16,0,16,64,73,0,16,247,116,204,169,423,176,1085,331,100,138
1400000US36061016001,36061016001,"Census Tract 160.01, New York County, New York",481,144,415,139,0,11,0,11,0,11,0,11,0,11,0,11,0,11,0,11,0,11,0,11,0,11,0,11,0,11,0,11,0,11,11,18,0,11,10,15,9,15,82,71,303,131,66,79
1400000US36061016002,36061016002,"Census Tract 160.02, New York County, New York",731,92,715,89,0,11,0,11,0,11,0,11,0,11,0,11,0,11,9,15,0,11,0,11,0,11,39,36,0,11,8,12,0,11,41,32,63,57,75,35,124,48,244,69,112,60,16,19
1400000US36061016100,36061016100,"Census Tract 161, New York County, New York",2902,257,2885,257,0,16,0,16,18,29,36,42,19,31,16,26,17,28,29,35,24,37,21,34,0,16,115,99,22,30,0,16,45,69,49,45,46,52,227,117,135,84,492,211,1574,228,17,26
1400000US36061016200,36061016200,"Census Tract 162, New York County, New York",3509,195,3474,200,15,24,73,91,26,29,232,112,384,176,89,74,55,60,139,88,179,119,231,125,35,38,69,72,163,90,49,46,74,52,183,101,231,118,631,220,293,115,214,91,109,93,35,45
1400000US36061016300,36061016300,"Census Tract 163, New York County, New York",2540,273,2524,271,0,16,0,16,0,16,14,22,15,24,0,16,0,16,0,16,50,79,9,13,80,93,29,33,0,16,12,19,31,34,27,33,84,63,116,85,299,126,596,163,1162,214,16,24
1400000US36061016400,36061016400,"Census Tract 164, New York County, New York",2523,101,2505,104,0,16,0,16,64,81,243,132,282,140,24,31,60,72,55,61,48,45,15,26,67,68,100,72,0,16,26,32,59,68,239,151,196,123,268,130,216,109,110,63,433,126,18,28
1400000US36061016500,36061016500,"Census Tract 165, New York County, New York",1942,276,1906,269,0,16,0,16,0,16,0,16,0,16,20,40,20,33,0,16,34,41,0,16,0,16,0,16,0,16,0,16,81,79,104,89,13,21,135,100,172,99,535,170,792,190,36,42
1400000US36061016600,36061016600,"Census Tract 166, New York County, New York",2752,157,2752,157,0,16,0,16,17,28,164,88,51,48,81,69,50,46,47,46,15,22,157,96,4,13,155,76,66,48,109,98,0,16,187,88,107,62,279,119,429,150,528,159,306,116,0,16
1400000US36061016700,36061016700,"Census Tract 167, New York County, New York",1911,213,1782,183,0,16,15,25,0,16,0,16,0,16,0,16,12,18,16,26,0,16,0,16,0,16,15,24,17,28,0,16,16,26,94,59,55,51,161,88,122,72,354,129,905,156,129,114
1400000US36061016800,36061016800,"Census Tract 168, New York County, New York",1483,110,1483,110,0,11,25,29,57,55,125,73,54,48,81,60,78,56,80,54,81,60,89,63,29,28,145,69,22,24,100,81,30,26,98,70,90,67,106,60,64,45,104,42,25,25,0,11
1400000US36061016900,36061016900,"Census Tract 169, New York County, New York",2860,356,2700,354,0,16,0,16,0,16,0,16,86,148,0,16,0,16,25,39,40,65,0,16,0,16,17,28,0,16,86,113,111,120,49,52,154,102,250,135,50,53,489,171,1343,316,160,193
1400000US36061017000,36061017000,"Census Tract 170, New York County, New York",3056,149,2996,165,39,57,0,16,49,38,173,93,129,112,15,24,29,33,33,41,0,16,63,53,24,38,41,36,89,74,52,68,49,57,263,111,280,134,1053,199,287,130,282,122,46,39,60,71
1400000US36061017100,36061017100,"Census Tract 171, New York County, New York",2814,298,2757,303,0,16,0,16,0,16,0,16,0,16,49,59,0,16,14,22,34,40,0,16,0,16,0,16,14,22,0,16,0,16,86,77,145,107,297,158,168,113,707,256,1243,289,57,55
1400000US36061017200,36061017200,"Census Tract 172, New York County, New York",2083,138,2009,140,0,16,17,20,13,15,275,135,35,35,7,11,31,34,14,22,51,62,95,87,0,16,17,21,63,50,57,52,30,35,80,69,193,114,412,161,161,86,260,119,198,110,74,54
1400000US36061017300,36061017300,"Census Tract 173, New York County, New York",3299,430,3155,420,0,16,0,16,0,16,67,66,201,140,15,24,115,99,0,16,0,16,39,46,129,133,12,22,78,111,77,110,87,126,91,87,106,81,284,161,217,125,499,235,1138,242,144,137
1400000US36061017401,36061017401,"Census Tract 174.01, New York County, New York",1718,126,1718,126,0,11,0,11,63,77,100,76,79,75,68,52,105,86,51,79,0,11,65,78,58,89,81,54,54,58,0,11,106,60,216,110,159,119,311,147,101,77,54,56,47,49,0,11
1400000US36061017402,36061017402,"Census Tract 174.02, New York County, New York",855,38,855,38,0,11,0,11,16,17,26,18,29,25,20,20,25,25,25,23,8,12,8,14,14,14,52,44,0,11,15,13,0,11,33,28,23,20,85,46,62,46,123,46,291,64,0,11
1400000US36061017500,36061017500,"Census Tract 175, New York County, New York",2494,355,2449,349,0,18,0,18,0,18,26,43,15,24,110,133,19,32,0,18,0,18,0,18,0,18,0,18,30,47,0,18,104,85,178,84,163,138,262,159,92,78,263,144,1187,230,45,54
1400000US36061017700,36061017700,"Census Tract 177, New York County, New York",3384,268,3298,280,0,16,0,16,113,84,233,152,88,76,74,67,100,84,100,81,14,22,58,80,76,111,50,65,51,51,89,139,265,166,107,74,257,158,369,178,389,194,399,204,466,170,86,88
1400000US36061017800,36061017800,"Census Tract 178, New York County, New York",1645,99,1623,104,0,11,0,11,0,11,45,44,45,48,7,11,52,57,0,11,10,17,0,11,13,16,43,44,52,49,73,63,26,25,99,70,185,98,342,111,143,66,346,108,142,72,22,35
1400000US36061017900,36061017900,"Census Tract 179, New York County, New York",3651,277,3499,304,0,16,0,16,0,16,21,37,35,57,82,90,29,46,22,34,119,108,48,60,56,64,120,95,143,106,99,83,0,16,113,96,118,95,369,211,448,205,520,194,1157,263,152,148
1400000US36061018000,36061018000,"Census Tract 180, New York County, New York",2622,157,2586,175,0,16,19,31,61,55,251,116,195,115,144,117,66,60,152,104,116,110,43,38,0,16,134,98,139,97,121,92,195,99,116,89,166,118,181,106,154,92,218,118,115,73,36,59
1400000US36061018100,36061018100,"Census Tract 181, New York County, New York",3404,290,3352,299,0,16,0,16,0,16,99,121,38,57,0,16,0,16,67,79,11,18,57,73,87,104,129,104,103,82,34,42,293,140,449,188,306,129,447,168,164,97,339,176,729,242,52,67
1400000US36061018200,36061018200,"Census Tract 182, New York County, New York",2589,163,2589,163,0,16,0,16,100,89,313,159,124,87,233,123,211,129,45,44,73,77,110,101,167,119,83,58,47,55,121,103,81,67,39,62,49,67,303,142,173,102,189,111,128,79,0,16
1400000US36061018300,36061018300,"Census Tract 183, New York County, New York",3394,281,3318,294,0,16,18,30,41,67,63,64,15,24,39,48,28,44,136,135,21,33,55,66,0,16,21,34,41,53,16,24,0,16,21,33,121,102,375,146,232,112,635,223,1440,270,76,75
1400000US36061018400,36061018400,"Census Tract 184, New York County, New York",2473,206,2456,208,52,64,0,16,37,41,342,124,56,47,120,112,220,115,38,63,63,56,98,81,24,38,230,132,56,49,96,92,64,52,142,90,129,86,167,107,152,90,164,102,206,96,17,27
1400000US36061018500,36061018500,"Census Tract 185, New York County, New York",2219,203,2192,206,0,11,0,11,0,11,0,11,0,11,0,11,0,11,0,11,29,32,8,13,0,11,0,11,0,11,23,36,27,39,105,75,137,83,338,138,317,135,279,143,929,150,27,44
1400000US36061018600,36061018600,"Census Tract 186, New York County, New York",1985,96,1985,96,0,16,64,55,97,83,238,107,269,138,163,94,36,31,118,67,26,32,88,70,143,88,53,67,53,42,97,73,73,63,59,52,119,88,79,52,36,43,54,62,120,67,0,16
1400000US36061018700,36061018700,"Census Tract 187, New York County, New York",2980,298,2944,305,0,16,0,16,0,16,103,125,0,16,0,16,23,38,22,45,23,38,25,39,58,93,57,49,0,16,54,63,41,47,39,47,97,85,212,123,242,103,671,263,1277,324,36,48
1400000US36061018800,36061018800,"Census Tract 188, New York County, New York",2219,164,2219,164,0,16,0,16,11,19,213,95,25,21,0,16,185,111,32,27,43,56,0,16,33,56,13,21,119,94,15,25,53,64,207,114,110,97,332,127,330,130,341,153,157,97,0,16
1400000US36061018900,36061018900,"Census Tract 189, New York County, New York",4301,252,4227,248,0,18,0,18,38,63,576,244,61,59,57,50,280,161,154,122,36,47,144,133,9,18,145,99,238,177,178,119,124,100,277,155,361,243,413,164,197,128,599,268,340,115,74,63
1400000US36061019000,36061019000,"Census Tract 190, New York County, New York",836,89,773,82,0,11,0,11,31,35,33,32,47,32,32,31,8,12,10,15,74,46,28,36,0,11,16,26,108,49,33,30,59,54,41,45,25,19,89,42,39,30,46,41,54,42,63,40
1400000US36061019100,36061019100,"Census Tract 191, New York County, New York",3136,280,3035,277,0,16,0,16,0,16,11,19,41,67,38,54,55,65,0,16,0,16,47,59,25,36,0,16,65,60,69,78,91,94,68,64,75,75,155,99,381,169,858,285,1056,227,101,85
1400000US36061019200,36061019200,"Census Tract 192, New York County, New York",1320,56,1291,71,0,11,79,61,24,37,172,77,104,49,105,73,66,51,126,84,44,48,22,24,45,31,155,77,50,52,22,24,21,24,51,42,58,46,105,62,27,43,15,23,0,11,29,48
1400000US36061019300,36061019300,"Census Tract 193, New York County, New York",3203,258,3203,258,0,16,0,16,0,16,177,127,157,88,60,67,0,16,115,138,44,54,71,68,144,89,0,16,148,122,16,27,209,177,126,110,92,102,422,189,345,170,399,183,678,217,0,16
1400000US36061019400,36061019400,"Census Tract 194, New York County, New York",2230,163,2230,163,27,44,25,39,90,81,436,191,0,16,165,114,103,82,103,74,49,39,56,45,40,49,203,119,69,64,74,70,69,59,50,46,126,94,393,178,67,64,57,58,28,32,0,16
1400000US36061019500,36061019500,"Census Tract 195, New York County, New York",2568,217,2472,219,0,16,16,25,0,16,0,16,0,16,48,47,43,40,43,39,82,83,0,16,21,25,0,16,53,62,0,16,15,24,95,73,82,54,234,99,120,79,384,148,1236,208,96,93
1400000US36061019600,36061019600,"Census Tract 196, New York County, New York",1521,73,1482,77,0,11,20,32,83,50,184,67,119,61,59,40,71,50,80,59,53,41,47,35,40,34,61,38,28,28,13,12,0,11,42,35,63,52,99,53,85,51,140,74,195,76,39,31
1400000US36061019701,36061019701,"Census Tract 197.01, New York County, New York",445,52,445,52,0,11,0,11,0,11,0,11,0,11,0,11,0,11,0,11,16,26,0,11,0,11,0,11,28,27,9,13,7,12,57,42,0,11,0,11,16,16,0,11,312,65,0,11
1400000US36061019702,36061019702,"Census Tract 197.02, New York County, New York",758,99,758,99,0,11,0,11,0,11,0,11,15,18,7,15,0,11,0,11,8,11,7,10,25,30,26,38,0,11,69,47,24,40,29,31,48,28,159,82,67,50,84,43,190,64,0,11
1400000US36061019800,36061019800,"Census Tract 198, New York County, New York",836,113,828,112,0,11,0,11,0,11,0,11,30,32,33,42,0,11,22,34,0,11,0,11,25,43,0,11,8,13,24,38,0,11,37,43,22,31,286,124,96,76,126,80,119,61,8,17
1400000US36061019900,36061019900,"Census Tract 199, New York County, New York",2505,219,2417,210,0,18,0,18,33,53,38,63,24,28,12,20,0,18,0,18,0,18,28,34,20,31,14,22,43,40,17,27,15,23,57,52,119,109,443,144,234,116,533,152,787,198,88,64
1400000US36061020000,36061020000,"Census Tract 200, New York County, New York",912,127,890,126,8,13,0,11,0,11,11,15,50,39,31,30,20,32,8,13,0,11,26,32,11,19,17,21,0,11,84,56,52,38,60,51,18,21,110,59,68,49,103,64,213,86,22,24
1400000US36061020101,36061020101,"Census Tract 201.01, New York County, New York",237,23,237,23,0,11,0,11,0,11,0,11,0,11,0,11,5,8,0,11,0,11,0,11,0,11,0,11,0,11,0,11,0,11,0,11,4,6,11,11,36,23,84,28,97,29,0,11
1400000US36061020102,36061020102,"Census Tract 201.02, New York County, New York",1579,104,1563,105,0,11,19,31,11,16,22,29,68,49,33,28,20,32,15,23,0,11,18,29,0,11,62,64,35,58,57,49,62,54,183,90,170,90,96,49,129,82,244,82,319,120,16,26
1400000US36061020300,36061020300,"Census Tract 203, New York County, New York",454,64,451,64,0,11,0,11,0,11,0,11,0,11,0,11,0,11,0,11,0,11,0,11,0,11,0,11,0,11,16,27,0,11,36,23,44,19,52,35,73,35,143,42,87,35,3,5
1400000US36061020500,36061020500,"Census Tract 205, New York County, New York",955,84,930,84,0,11,0,11,0,11,0,11,0,11,0,11,0,11,7,11,0,11,0,11,0,11,0,11,6,10,0,11,0,11,37,38,38,29,54,35,38,29,383,90,367,93,25,28
1400000US36061020600,36061020600,"Census Tract 206, New York County, New York",1135,132,1135,132,9,15,9,15,5,9,49,35,25,23,22,35,73,65,0,11,28,43,29,30,44,38,77,60,33,43,18,22,80,69,71,49,155,98,145,62,100,51,111,59,52,46,0,11
1400000US36061020701,36061020701,"Census Tract 207.01, New York County, New York",1293,60,1255,66,0,11,0,11,0,11,0,11,0,11,0,11,0,11,0,11,0,11,0,11,8,13,0,11,0,11,16,25,0,11,52,50,66,58,135,71,179,65,486,127,313,94,38,26
1400000US36061020800,36061020800,"Census Tract 208, New York County, New York",1718,166,1718,166,0,16,0,16,17,26,0,16,0,16,49,44,56,60,123,92,18,27,105,75,100,70,14,22,71,71,44,67,131,94,88,76,45,53,302,139,132,113,250,126,173,74,0,16
1400000US36061020901,36061020901,"Census Tract 209.01, New York County, New York",1430,96,1374,102,0,11,17,27,49,43,82,48,57,37,84,51,108,71,117,59,57,58,58,46,0,11,49,40,84,72,38,31,0,11,101,70,121,64,255,99,29,46,53,30,15,18,56,53
1400000US36061021000,36061021000,"Census Tract 210, New York County, New York",2687,199,2671,199,41,65,144,112,55,66,338,142,140,100,67,60,55,59,33,37,22,36,54,47,113,96,87,78,54,56,62,51,76,80,83,56,241,126,667,187,74,54,233,119,32,39,16,26
1400000US36061021100,36061021100,"Census Tract 211, New York County, New York",3001,327,2908,317,0,16,0,16,0,16,94,87,93,78,121,145,25,40,228,172,0,16,71,69,82,104,163,155,12,21,16,29,214,166,115,92,89,79,332,182,252,164,486,199,515,172,93,110
1400000US36061021200,36061021200,"Census Tract 212, New York County, New York",2475,133,2456,135,0,11,0,11,19,29,101,78,27,32,14,24,25,30,88,87,19,31,26,37,12,19,49,64,0,11,87,76,114,88,91,68,183,126,304,100,281,128,669,168,347,136,19,31
1400000US36061021303,36061021303,"Census Tract 213.03, New York County, New York",2102,109,1968,132,0,16,0,16,23,32,37,46,34,39,62,61,0,16,18,28,97,93,7,12,87,59,0,16,15,25,28,35,65,54,204,84,116,71,322,105,521,140,216,88,116,84,134,82
1400000US36061021400,36061021400,"Census Tract 214, New York County, New York",1835,104,1823,105,13,21,9,14,21,33,14,16,15,16,0,11,13,22,0,11,6,8,46,45,52,45,9,14,38,44,32,36,152,83,205,100,79,45,528,136,322,114,189,73,80,47,12,20
1400000US36061021500,36061021500,"Census Tract 215, New York County, New York",1259,78,1243,84,0,11,0,11,103,66,12,21,63,51,93,57,55,44,18,30,41,41,6,10,29,27,15,16,45,45,26,29,20,23,77,54,73,59,212,83,150,67,70,47,135,58,16,20
1400000US36061021600,36061021600,"Census Tract 216, New York County, New York",2785,209,2721,206,0,16,49,55,14,22,120,85,0,16,25,41,0,16,11,22,26,40,67,67,23,25,88,82,115,84,133,106,206,114,237,113,232,107,434,164,265,115,365,123,311,112,64,59
1400000US36061021703,36061021703,"Census Tract 217.03, New York County, New York",0,11,0,11,0,11,0,11,0,11,0,11,0,11,0,11,0,11,0,11,0,11,0,11,0,11,0,11,0,11,0,11,0,11,0,11,0,11,0,11,0,11,0,11,0,11,0,11
1400000US36061021800,36061021800,"Census Tract 218, New York County, New York",2352,177,2325,181,0,16,0,16,29,46,73,63,116,80,100,82,87,61,52,51,74,61,10,16,11,19,43,52,47,69,154,112,10,17,164,105,107,89,301,144,311,118,290,116,346,128,27,46
1400000US36061021900,36061021900,"Census Tract 219, New York County, New York",1993,141,1993,141,0,16,12,18,48,49,120,74,182,103,139,101,116,78,128,85,26,38,199,109,47,56,180,109,81,92,79,61,35,33,151,88,69,65,216,115,60,56,55,49,50,50,0,16
1400000US36061022000,36061022000,"Census Tract 220, New York County, New York",2181,190,2181,190,0,16,0,16,0,16,125,66,22,32,17,28,72,75,0,16,0,16,42,50,67,66,35,41,12,20,160,107,181,107,144,95,209,130,248,119,238,116,342,138,267,99,0,16
1400000US36061022102,36061022102,"Census Tract 221.02, New York County, New York",792,107,792,107,0,11,0,11,0,11,0,11,29,46,22,35,0,11,14,22,0,11,0,11,59,56,0,11,9,15,21,34,26,30,39,31,54,39,180,89,170,66,135,62,34,42,0,11
1400000US36061022200,36061022200,"Census Tract 222, New York County, New York",980,113,980,113,0,11,0,11,11,16,49,39,44,40,56,40,8,14,25,27,9,13,7,12,44,42,73,53,7,10,41,45,23,25,34,38,14,18,192,78,91,55,89,56,163,66,0,11
1400000US36061022301,36061022301,"Census Tract 223.01, New York County, New York",2228,133,2179,136,0,16,0,16,0,16,47,55,102,89,49,45,50,62,28,31,75,60,74,64,26,29,11,21,95,85,200,128,56,55,242,113,79,77,479,162,205,110,170,88,191,91,49,62
1400000US36061022302,36061022302,"Census Tract 223.02, New York County, New York",1529,39,1483,65,0,11,18,30,7,10,120,55,68,47,60,53,39,38,49,46,54,41,35,39,15,17,17,26,67,58,24,30,58,47,69,52,74,51,156,78,260,94,134,59,159,79,46,43
1400000US36061022400,36061022400,"Census Tract 224, New York County, New York",2536,164,2502,175,0,16,16,24,75,74,279,132,203,125,96,74,38,44,156,101,75,64,96,85,73,65,210,140,93,78,59,55,118,77,200,94,195,105,210,104,69,54,160,107,81,75,34,56
1400000US36061022500,36061022500,"Census Tract 225, New York County, New York",2999,211,2801,207,0,18,0,18,15,23,19,30,87,88,122,108,146,84,0,18,44,58,0,18,12,20,82,81,74,60,0,18,76,44,358,156,278,123,529,139,408,158,392,130,159,90,198,128
1400000US36061022600,36061022600,"Census Tract 226, New York County, New York",1491,153,1425,146,0,11,0,11,0,11,0,11,18,29,0,11,18,28,68,59,51,39,18,19,25,22,20,31,29,34,30,29,81,54,221,101,153,78,254,102,211,75,139,71,89,51,66,61
1400000US36061022700,36061022700,"Census Tract 227, New York County, New York",1806,149,1806,149,0,16,0,16,44,51,151,96,0,16,99,95,0,16,19,30,15,24,9,15,0,16,0,16,56,51,80,78,25,28,60,50,104,79,331,116,312,125,279,117,222,96,0,16
1400000US36061022800,36061022800,"Census Tract 228, New York County, New York",2113,183,2076,189,0,16,0,16,18,32,29,32,19,22,0,16,33,56,53,65,0,16,85,71,27,34,45,73,82,87,80,65,116,115,268,120,250,120,426,164,248,140,217,106,80,58,37,60
1400000US36061022900,36061022900,"Census Tract 229, New York County, New York",2651,176,2467,203,0,16,0,16,0,16,0,16,63,51,35,40,14,25,0,16,102,92,59,54,80,75,55,69,48,46,52,59,138,101,172,113,184,102,381,152,369,163,498,152,217,104,184,104
1400000US36061023000,36061023000,"Census Tract 230, New York County, New York",3524,163,3385,179,0,16,14,22,60,68,214,110,142,108,180,111,177,104,199,114,87,68,77,72,92,76,48,44,31,52,127,80,104,66,277,128,273,128,619,161,193,108,237,116,234,101,139,94
1400000US36061023100,36061023100,"Census Tract 231, New York County, New York",2311,196,2281,196,0,16,45,73,1,11,92,103,101,63,76,68,26,43,13,19,40,47,0,16,39,46,8,13,53,57,20,32,101,66,130,92,154,106,194,113,613,219,334,128,241,122,30,48
1400000US36061023200,36061023200,"Census Tract 232, New York County, New York",2997,166,2965,166,0,16,25,29,60,69,174,91,209,128,8,14,155,99,73,62,77,66,167,90,101,51,101,76,129,141,64,49,319,168,114,87,207,110,321,134,285,149,342,161,34,55,32,43
1400000US36061023300,36061023300,"Census Tract 233, New York County, New York",2268,142,2190,156,0,16,20,31,0,16,0,16,0,16,0,16,118,107,20,30,0,16,42,50,37,44,30,49,0,16,0,16,65,63,179,117,174,106,575,174,316,137,367,148,247,113,78,85
1400000US36061023400,36061023400,"Census Tract 234, New York County, New York",2010,119,1926,105,0,16,0,16,0,16,27,29,34,32,0,16,55,37,43,41,42,48,11,16,17,20,33,53,62,51,92,66,95,65,178,86,103,62,439,123,417,146,269,113,9,14,84,80
1400000US36061023501,36061023501,"Census Tract 235.01, New York County, New York",2124,166,2012,168,0,16,22,36,21,33,147,91,127,85,51,58,0,16,55,69,0,16,67,66,31,52,75,75,98,74,31,34,36,32,188,92,192,117,346,131,217,110,244,101,64,58,112,83
1400000US36061023502,36061023502,"Census Tract 235.02, New York County, New York",751,78,732,76,0,11,0,11,22,24,36,25,37,29,39,38,11,13,40,45,4,6,8,15,8,12,0,11,0,11,11,17,13,19,34,23,69,44,177,85,120,62,103,48,0,11,19,24
1400000US36061023600,36061023600,"Census Tract 236, New York County, New York",2295,243,2275,245,0,16,0,16,32,52,37,44,151,102,40,68,0,16,107,89,10,17,84,67,19,30,220,143,33,37,89,75,218,137,342,178,388,181,248,135,150,98,69,54,38,60,20,33
1400000US36061023700,36061023700,"Census Tract 237, New York County, New York",2376,172,2360,172,0,16,0,16,60,50,37,40,92,63,32,39,35,45,66,55,112,74,41,42,26,42,35,51,28,44,17,27,73,72,101,76,182,90,507,183,341,133,340,133,235,98,16,25
1400000US36061023801,36061023801,"Census Tract 238.01, New York County, New York",3530,265,3484,269,0,16,0,16,39,44,52,63,69,107,19,30,0,16,26,45,18,29,0,16,40,50,0,16,0,16,0,16,11,18,80,120,0,16,0,16,657,218,854,244,1619,293,46,62
1400000US36061023802,36061023802,"Census Tract 238.02, New York County, New York",657,75,657,75,0,11,0,11,0,11,0,11,0,11,0,11,0,11,0,11,9,13,0,11,0,11,0,11,0,11,0,11,0,11,0,11,0,11,8,12,23,29,54,36,563,97,0,11
1400000US36061023900,36061023900,"Census Tract 239, New York County, New York",914,68,906,69,0,11,6,11,0,11,95,49,0,11,37,33,0,11,0,11,17,17,17,20,29,27,31,34,10,14,55,46,40,36,120,69,0,11,180,61,89,44,130,63,50,37,8,14
1400000US36061024000,36061024000,"Census Tract 240, New York County, New York",0,11,0,11,0,11,0,11,0,11,0,11,0,11,0,11,0,11,0,11,0,11,0,11,0,11,0,11,0,11,0,11,0,11,0,11,0,11,0,11,0,11,0,11,0,11,0,11
1400000US36061024100,36061024100,"Census Tract 241, New York County, New York",2512,194,2466,204,0,16,0,16,14,22,168,90,101,79,70,76,0,16,33,53,24,29,13,21,19,32,18,29,75,94,21,22,62,52,202,138,240,138,457,144,358,157,457,159,134,94,46,76
1400000US36061024200,36061024200,"Census Tract 242, New York County, New York",1366,56,1342,63,0,11,22,33,55,42,198,74,136,63,119,68,75,60,49,44,67,62,16,25,11,16,46,40,18,18,19,22,31,38,46,54,77,60,100,75,79,55,51,37,127,57,24,38
1400000US36061024301,36061024301,"Census Tract 243.01, New York County, New York",1258,100,1213,103,0,11,9,14,0,11,13,20,52,41,111,66,38,47,10,17,16,25,26,33,30,27,0,11,13,20,29,43,0,11,8,17,141,103,200,86,199,69,209,110,109,78,45,44
1400000US36061024302,36061024302,"Census Tract 243.02, New York County, New York",2387,145,2387,145,0,16,0,16,28,31,485,211,281,137,208,121,27,31,283,121,180,157,98,85,6,10,118,98,79,61,22,25,162,115,100,86,73,73,142,107,95,69,0,16,0,16,0,16
1400000US36061024500,36061024500,"Census Tract 245, New York County, New York",4594,183,4465,189,0,18,0,18,0,18,68,79,58,66,24,40,148,168,73,82,100,88,159,103,84,79,123,112,137,109,226,118,186,131,370,163,403,172,810,201,718,247,661,214,117,88,129,99
1400000US36061024700,36061024700,"Census Tract 247, New York County, New York",2137,178,2103,179,0,16,0,16,0,16,56,55,79,75,0,16,33,31,0,16,42,48,0,16,24,24,30,34,24,29,89,72,133,115,80,64,129,113,426,189,310,181,304,126,344,153,34,48
1400000US36061024900,36061024900,"Census Tract 249, New York County, New York",346,48,333,48,0,11,0,11,0,11,4,6,0,11,0,11,9,11,13,14,13,14,34,23,5,7,3,5,19,22,22,17,17,18,24,20,34,24,67,44,45,28,24,19,0,11,13,14
1400000US36061025100,36061025100,"Census Tract 251, New York County, New York",745,56,740,55,14,21,0,11,8,13,34,35,9,13,12,13,25,19,4,7,20,15,0,11,23,25,79,47,0,11,5,7,12,11,106,46,79,39,164,66,71,43,68,37,7,12,5,7
1400000US36061025300,36061025300,"Census Tract 253, New York County, New York",3720,125,3720,125,0,18,0,18,0,18,65,52,63,62,35,36,56,55,70,64,67,65,59,59,57,56,126,102,85,49,69,73,123,79,281,113,281,118,781,156,552,174,653,177,297,126,0,18
1400000US36061025500,36061025500,"Census Tract 255, New York County, New York",1972,183,1844,198,0,16,0,16,0,16,0,16,6,10,0,16,0,16,0,16,0,16,58,74,33,32,0,16,9,16,11,18,37,46,159,104,91,67,336,148,220,106,614,178,270,106,128,124
1400000US36061025700,36061025700,"Census Tract 257, New York County, New York",1176,145,1157,147,0,11,0,11,0,11,6,9,13,21,0,11,6,9,11,14,31,34,42,47,31,33,11,18,44,37,25,31,43,30,89,52,80,45,122,59,129,78,81,46,393,91,19,21
1400000US36061025900,36061025900,"Census Tract 259, New York County, New York",986,102,981,104,15,23,0,11,0,11,21,16,17,24,27,33,22,27,66,41,8,12,74,63,0,11,29,45,0,11,8,13,35,41,71,42,52,44,205,81,181,87,91,50,59,31,5,9
1400000US36061026100,36061026100,"Census Tract 261, New York County, New York",3655,147,3562,158,0,18,12,20,32,50,68,70,88,68,18,29,51,44,62,56,159,93,32,40,58,54,102,70,130,93,157,91,76,58,561,154,200,79,692,184,605,151,310,131,149,104,93,87
1400000US36061026300,36061026300,"Census Tract 263, New York County, New York",2842,123,2764,140,0,16,0,16,0,16,47,59,103,78,49,53,39,62,32,38,24,25,24,38,59,42,35,56,13,21,0,16,72,79,97,62,443,188,563,167,327,129,715,206,122,63,78,71
1400000US36061026500,36061026500,"Census Tract 265, New York County, New York",2307,166,2253,167,0,16,0,16,0,16,0,16,0,16,41,46,9,15,0,16,0,16,28,36,59,55,37,40,51,44,59,49,122,79,136,110,161,114,330,142,349,127,522,153,349,146,54,59
1400000US36061026700,36061026700,"Census Tract 267, New York County, New York",556,42,533,46,0,11,0,11,0,11,0,11,0,11,4,6,10,16,4,7,0,11,0,11,0,11,0,11,0,11,23,21,0,11,58,38,61,38,69,37,161,60,113,37,30,24,23,20
1400000US36061026900,36061026900,"Census Tract 269, New York County, New York",2387,160,2359,160,0,16,0,16,0,16,46,51,0,16,33,34,13,20,56,72,33,39,55,67,29,47,53,53,37,41,67,70,99,83,255,123,235,113,497,191,394,154,447,169,10,15,28,31
1400000US36061027100,36061027100,"Census Tract 271, New York County, New York",2742,134,2742,134,0,16,0,16,0,16,30,33,0,16,37,58,0,16,0,16,0,16,78,74,34,56,66,72,61,52,14,22,14,23,148,95,129,76,719,165,576,162,613,161,223,93,0,16
1400000US36061027300,36061027300,"Census Tract 273, New York County, New York",2504,193,2479,194,0,16,0,16,0,16,0,16,0,16,0,16,0,16,0,16,49,58,0,16,11,19,0,16,0,16,13,21,0,16,109,76,124,104,459,208,489,174,720,187,505,182,25,32
1400000US36061027500,36061027500,"Census Tract 275, New York County, New York",849,104,786,109,0,11,0,11,0,11,11,19,0,11,0,11,0,11,0,11,0,11,18,20,0,11,0,11,20,22,0,11,10,15,7,14,23,24,146,58,130,65,236,71,185,80,63,58
1400000US36061027700,36061027700,"Census Tract 277, New York County, New York",2135,66,2071,93,0,16,0,16,16,25,0,16,50,38,28,45,0,16,40,64,19,31,35,39,125,99,69,60,33,37,42,50,86,79,163,101,270,145,678,169,220,108,147,88,50,34,64,64
1400000US36061027900,36061027900,"Census Tract 279, New York County, New York",3682,168,3588,189,0,18,0,18,0,18,45,53,0,18,20,32,0,18,14,23,0,18,0,18,12,20,12,19,19,31,62,51,61,64,296,141,289,154,978,228,891,212,809,219,80,50,94,76
1400000US36061028100,36061028100,"Census Tract 281, New York County, New York",959,92,950,92,0,11,0,11,0,11,0,11,0,11,0,11,0,11,0,11,0,11,0,11,0,11,0,11,0,11,8,12,0,11,19,22,19,22,110,47,151,52,384,83,259,90,9,14
1400000US36061028300,36061028300,"Census Tract 283, New York County, New York",2571,197,2543,201,0,16,100,106,0,16,12,19,11,19,0,16,0,16,15,24,10,21,9,16,98,73,41,53,28,44,163,103,51,52,143,89,390,169,665,188,618,163,182,111,7,11,28,33
1400000US36061028500,36061028500,"Census Tract 285, New York County, New York",2619,114,2599,125,0,16,0,16,0,16,44,33,36,34,14,22,48,58,50,51,25,33,70,68,54,58,0,16,111,107,72,76,145,82,205,95,111,77,499,175,759,213,280,124,76,67,20,33
1400000US36061028700,36061028700,"Census Tract 287, New York County, New York",1548,78,1548,78,0,11,0,11,0,11,11,18,0,11,14,21,0,11,0,11,0,11,20,23,0,11,0,11,29,37,10,16,0,11,114,63,106,59,447,124,379,94,331,101,87,49,0,11
1400000US36061029100,36061029100,"Census Tract 291, New York County, New York",3809,124,3693,150,0,18,0,18,65,74,32,49,91,96,22,25,74,72,24,37,28,31,27,43,11,17,134,116,47,60,59,42,234,140,446,157,367,134,1173,243,464,136,322,144,73,74,116,109
1400000US36061029300,36061029300,"Census Tract 293, New York County, New York",2789,152,2789,152,0,16,0,16,0,16,38,63,89,69,12,20,11,18,13,21,29,34,10,17,46,55,95,79,35,32,33,51,105,95,366,159,122,83,821,192,577,205,333,137,54,48,0,16
1400000US36061029500,36061029500,"Census Tract 295, New York County, New York",2972,178,2763,189,17,27,0,16,0,16,13,20,0,16,12,21,5,10,0,16,0,16,0,16,0,16,10,16,39,39,29,33,0,16,119,87,187,92,610,186,937,234,695,198,90,53,209,162
1400000US36061029700,36061029700,"Census Tract 297, New York County, New York",0,11,0,11,0,11,0,11,0,11,0,11,0,11,0,11,0,11,0,11,0,11,0,11,0,11,0,11,0,11,0,11,0,11,0,11,0,11,0,11,0,11,0,11,0,11,0,11
1400000US36061029900,36061029900,"Census Tract 299, New York County, New York",1426,73,1415,74,0,11,9,13,6,11,247,97,136,74,62,42,30,28,59,61,34,29,135,75,34,29,143,62,127,71,31,26,34,42,90,42,55,42,44,37,110,65,29,39,0,11,11,17
1400000US36061030300,36061030300,"Census Tract 303, New York County, New York",1690,80,1582,114,0,11,0,11,0,11,9,14,0,11,0,11,6,9,0,11,15,22,33,47,0,11,43,60,11,16,44,36,19,22,69,44,105,54,298,98,360,125,425,106,145,71,108,77
1400000US36061030700,36061030700,"Census Tract 307, New York County, New York",1004,115,995,116,0,11,0,11,0,11,0,11,0,11,0,11,0,11,0,11,0,11,0,11,6,11,0,11,0,11,11,14,0,11,0,11,101,52,275,90,231,77,312,104,59,41,9,12
1400000US36061030900,36061030900,"Census Tract 309, New York County, New York",3255,159,3213,166,0,16,77,52,47,53,192,97,71,59,110,81,26,43,139,96,56,64,171,107,146,104,325,139,30,48,85,71,104,71,106,74,164,82,695,174,345,114,292,142,32,41,42,49
1400000US36061031100,36061031100,"Census Tract 311, New York County, New York",0,11,0,11,0,11,0,11,0,11,0,11,0,11,0,11,0,11,0,11,0,11,0,11,0,11,0,11,0,11,0,11,0,11,0,11,0,11,0,11,0,11,0,11,0,11,0,11
1400000US36061031703,36061031703,"Census Tract 317.03, New York County, New York",3746,223,3746,223,0,16,0,16,122,126,0,16,0,16,0,16,0,16,0,16,0,16,0,16,23,42,36,42,112,71,0,16,39,46,17,28,0,16,0,16,51,50,175,134,3171,261,0,16
1400000US36061031704,36061031704,"Census Tract 317.04, New York County, New York",1921,301,1815,275,16,27,0,16,0,16,42,70,0,16,0,16,0,16,0,16,0,16,14,23,0,16,80,75,0,16,0,16,0,16,0,16,103,97,0,16,56,59,82,91,1422,224,106,142
1400000US36061031900,36061031900,"Census Tract 319, New York County, New York",0,11,0,11,0,11,0,11,0,11,0,11,0,11,0,11,0,11,0,11,0,11,0,11,0,11,0,11,0,11,0,11,0,11,0,11,0,11,0,11,0,11,0,11,0,11,0,11
